gid,gset,mplay,mtid,gplay,gtid,qj,qs,qr,kend,kwin,kwinrq,tweek,tplay,tsell,cid,pwin9,pdraw9,plost9,kwin_sta
580051,荷乙,埃青年,5468,布雷达,350,-1.0,-1.0,0.0,0,-1.0,-1.0,1,2017-02-20,2017-02-20 23:55:00,1,2.45,3.3,2.39,3.0
596660,德乙,慕尼黑,1121,纽伦堡,1138,-1.0,-1.0,0.0,0,-1.0,-1.0,1,2017-02-20,2017-02-20 23:55:00,1,2.3,3.15,2.65,3.0
607062,西甲,马拉加,1056,拉斯帕,965,-1.0,-1.0,0.0,0,-1.0,-1.0,1,2017-02-20,2017-02-20 23:55:00,1,1.82,3.25,3.7,3.0
574614,法乙,奥尔良,3958,朗斯,979,-1.0,-1.0,0.0,0,-1.0,-1.0,1,2017-02-20,2017-02-20 23:55:00,1,2.92,2.61,2.48,0.0
577920,英冠,纽卡,1137,维拉,555,-1.0,-1.0,0.0,0,-1.0,-1.0,1,2017-02-20,2017-02-20 23:55:00,1,1.47,3.65,5.7,3.0
609792,葡超,马里迪,1050,葡国民,1099,-1.0,-1.0,0.0,0,-1.0,-1.0,1,2017-02-20,2017-02-20 23:55:00,1,1.72,3.15,4.35,3.0
581461,澳超,中央海,3616,墨尔本,3615,0.0,3.0,0.0,1,0.0,-1.0,0,2017-02-19,2017-02-19 13:55:00,1,5.8,4.3,1.38,0.0
607064,西甲,社会,885,比利亚,683,-1.0,-1.0,0.0,0,-1.0,-1.0,0,2017-02-19,2017-02-19 18:55:00,1,1.75,3.2,4.1,3.0
610619,意甲,博洛尼,707,国米,846,-1.0,-1.0,0.0,0,-1.0,-1.0,0,2017-02-19,2017-02-19 19:25:00,1,5.15,3.5,1.54,0.0
575963,荷甲,威廉,1248,阿尔克,224,-1.0,-1.0,0.0,0,-1.0,-1.0,0,2017-02-19,2017-02-19 19:25:00,1,3.0,3.25,2.05,0.0
596652,德乙,比勒费,682,圣保利,495,-1.0,-1.0,0.0,0,-1.0,-1.0,0,2017-02-19,2017-02-19 20:25:00,1,2.25,2.85,3.0,3.0
596655,德乙,德累斯,4654,汉诺威,862,-1.0,-1.0,0.0,0,-1.0,-1.0,0,2017-02-19,2017-02-19 20:25:00,1,2.38,3.25,2.5,3.0
574308,苏超,基马诺,888,阿伯丁,527,-1.0,-1.0,0.0,0,-1.0,-1.0,0,2017-02-19,2017-02-19 20:55:00,1,7.65,4.6,1.28,0.0
647699,瑞典杯,索尔纳,215,盖斯,288,-1.0,-1.0,0.0,0,-1.0,-1.0,0,2017-02-19,2017-02-19 20:55:00,1,1.13,5.9,13.5,3.0
630303,巴圣锦,圣安德,2204,圣贝尔,6461,-1.0,-1.0,0.0,0,-1.0,-1.0,0,2017-02-19,2017-02-19 20:55:00,1,2.22,2.95,2.94,3.0
575969,荷甲,鹿特丹,518,格罗宁,834,-1.0,-1.0,0.0,0,-1.0,-1.0,0,2017-02-19,2017-02-19 21:25:00,1,2.35,3.3,2.5,3.0
575968,荷甲,维迪斯,1255,阿贾克,540,-1.0,-1.0,0.0,0,-1.0,-1.0,0,2017-02-19,2017-02-19 21:25:00,1,4.5,3.6,1.59,0.0
580050,荷乙,马斯特,349,埃因FC,1797,-1.0,-1.0,0.0,0,-1.0,-1.0,0,2017-02-19,2017-02-19 21:25:00,1,1.69,3.75,3.7,3.0
573320,比甲,列日,691,根特,839,-1.0,-1.0,0.0,0,-1.0,-1.0,0,2017-02-19,2017-02-19 21:25:00,1,2.05,3.15,3.1,3.0
634237,英足总杯,富勒姆,811,热刺,1238,-1.0,-1.0,0.0,0,-1.0,-1.0,0,2017-02-19,2017-02-19 21:55:00,1,3.8,3.7,1.68,0.0
610621,意甲,切沃,1174,那不勒,1125,-1.0,-1.0,0.0,0,-1.0,-1.0,0,2017-02-19,2017-02-19 21:55:00,1,7.5,4.3,1.31,0.0
610618,意甲,佩斯卡,1156,热那亚,1179,-1.0,-1.0,0.0,0,-1.0,-1.0,0,2017-02-19,2017-02-19 21:55:00,1,3.02,3.35,2.0,0.0
610615,意甲,桑普多,468,卡利亚,917,-1.0,-1.0,0.0,0,-1.0,-1.0,0,2017-02-19,2017-02-19 21:55:00,1,1.53,3.7,4.9,3.0
610623,意甲,乌迪内,1276,萨索洛,3656,-1.0,-1.0,0.0,0,-1.0,-1.0,0,2017-02-19,2017-02-19 21:55:00,1,2.01,3.15,3.2,3.0
574034,法甲,波尔多,693,甘冈,813,-1.0,-1.0,0.0,0,-1.0,-1.0,0,2017-02-19,2017-02-19 21:55:00,1,1.75,3.15,4.15,3.0
596348,德甲,门兴,1089,莱比锡,970,-1.0,-1.0,0.0,0,-1.0,-1.0,0,2017-02-19,2017-02-19 22:25:00,1,2.51,3.1,2.45,3.0
647717,瑞典杯,埃尔夫,563,瓦纳默,3913,-1.0,-1.0,0.0,0,-1.0,-1.0,0,2017-02-19,2017-02-19 22:55:00,1,1.15,5.8,11.5,3.0
632933,智甲,安托法,3350,康塞普西,2823,-1.0,-1.0,0.0,0,-1.0,-1.0,0,2017-02-19,2017-02-19 22:55:00,1,2.05,3.35,2.92,3.0
607066,西甲,巴伦西,1243,毕尔巴,690,-1.0,-1.0,0.0,0,-1.0,-1.0,0,2017-02-19,2017-02-19 23:10:00,1,2.11,3.2,2.92,3.0
574306,苏超,邓迪,784,流浪者,827,-1.0,-1.0,0.0,0,-1.0,-1.0,0,2017-02-19,2017-02-19 23:10:00,1,5.15,3.8,1.49,0.0
575970,荷甲,海牙,211,费耶诺,801,-1.0,-1.0,0.0,0,-1.0,-1.0,0,2017-02-19,2017-02-19 23:40:00,1,10.5,5.35,1.18,0.0
574036,法甲,蒙彼利,1090,埃蒂安,494,-1.0,-1.0,0.0,0,-1.0,-1.0,0,2017-02-19,2017-02-19 23:55:00,1,2.08,3.0,3.18,3.0
574035,法甲,里昂,997,第戎,774,-1.0,-1.0,0.0,0,-1.0,-1.0,0,2017-02-19,2017-02-19 23:55:00,1,1.24,4.75,9.0,3.0
609791,葡超,费雷拉,796,塞图巴,463,-1.0,-1.0,0.0,0,-1.0,-1.0,0,2017-02-19,2017-02-19 23:55:00,1,2.28,2.82,2.97,3.0
634238,英足总杯,布莱克,723,曼联,1075,-1.0,-1.0,0.0,0,-1.0,-1.0,0,2017-02-19,2017-02-20 00:10:00,1,12.0,5.25,1.17,0.0
596346,德甲,科隆,932,沙尔克,478,-1.0,-1.0,0.0,0,-1.0,-1.0,0,2017-02-19,2017-02-20 00:25:00,1,2.39,3.0,2.65,3.0
610624,意甲,罗马,1032,都灵,776,-1.0,-1.0,0.0,0,-1.0,-1.0,0,2017-02-19,2017-02-20 00:55:00,1,1.23,5.1,8.3,3.0
573319,比甲,奥斯坦,625,安德莱,590,-1.0,-1.0,0.0,0,-1.0,-1.0,0,2017-02-19,2017-02-20 00:55:00,1,3.2,3.32,1.94,0.0
607058,西甲,塞尔塔,457,奥萨苏,622,-1.0,-1.0,0.0,0,-1.0,-1.0,0,2017-02-19,2017-02-20 00:55:00,1,1.46,3.8,5.5,3.0
628821,墨西联,美洲狮,1884,蒂华纳,6576,-1.0,-1.0,0.0,0,-1.0,-1.0,0,2017-02-19,2017-02-20 00:55:00,1,1.84,3.35,3.5,3.0
573316,比甲,亨克,840,沙勒罗,742,-1.0,-1.0,0.0,0,-1.0,-1.0,0,2017-02-19,2017-02-20 00:55:00,1,1.73,3.35,3.95,3.0
610617,意甲,AC米兰,210,佛罗伦,803,-1.0,-1.0,0.0,0,-1.0,-1.0,0,2017-02-19,2017-02-20 00:55:00,1,2.01,3.25,3.08,3.0
574038,法甲,日尔曼,647,图卢兹,1233,-1.0,-1.0,0.0,0,-1.0,-1.0,0,2017-02-19,2017-02-20 00:55:00,1,1.08,6.75,18.0,3.0
630300,巴圣锦,林斯,6460,帕尔梅,1567,-1.0,-1.0,0.0,0,-1.0,-1.0,0,2017-02-19,2017-02-20 00:55:00,1,8.55,4.7,1.25,0.0
609786,葡超,布拉加,719,本菲卡,678,-1.0,-1.0,0.0,0,-1.0,-1.0,0,2017-02-19,2017-02-20 00:55:00,1,5.05,3.6,1.53,0.0
632934,智甲,基约塔,6127,伊瓦顿,1904,-1.0,-1.0,0.0,0,-1.0,-1.0,0,2017-02-19,2017-02-20 00:55:00,1,2.25,3.45,2.55,3.0
628822,墨西联,普埃布,1899,美洲虎,1902,-1.0,-1.0,0.0,0,-1.0,-1.0,0,2017-02-19,2017-02-20 00:55:00,1,1.92,3.1,3.5,3.0
632935,智甲,西联合,1883,特木科,1909,-1.0,-1.0,0.0,0,-1.0,-1.0,0,2017-02-19,2017-02-20 00:55:00,1,1.95,3.4,3.1,3.0
574037,法甲,马赛,1064,雷恩,990,2.0,0.0,0.0,1,3.0,-1.0,6,2017-02-19,2017-02-18 23:55:00,1,1.53,3.55,5.14,3.0
609785,葡超,查维斯,239,阿罗卡,5551,2.0,0.0,0.0,1,3.0,-1.0,6,2017-02-19,2017-02-18 23:55:00,1,1.93,2.9,3.75,3.0
609788,葡超,摩雷伦斯,1110,埃斯托,1616,1.0,1.0,0.0,1,1.0,-1.0,6,2017-02-19,2017-02-18 23:55:00,1,1.85,2.95,4.0,3.0
610616,意甲,亚特兰,1308,克罗托,243,1.0,0.0,0.0,1,3.0,-1.0,6,2017-02-19,2017-02-19 00:55:00,1,1.11,6.1,15.5,3.0
573317,比甲,梅赫伦,1079,洛克伦,1042,3.0,0.0,0.0,1,3.0,-1.0,6,2017-02-19,2017-02-19 00:55:00,1,1.65,3.5,4.2,3.0
634235,英足总杯,狼队,978,切尔西,1173,0.0,2.0,0.0,1,0.0,-1.0,6,2017-02-19,2017-02-19 00:55:00,1,12.0,5.95,1.14,0.0
596351,德甲,汉堡,860,弗赖堡,804,2.0,2.0,0.0,1,1.0,-1.0,6,2017-02-19,2017-02-19 00:55:00,1,1.7,3.4,4.05,3.0
607059,西甲,拉科鲁,959,阿拉维,542,0.0,1.0,0.0,1,0.0,-1.0,6,2017-02-19,2017-02-19 00:55:00,1,1.83,3.0,4.0,3.0
575966,荷甲,特温特,1231,海伦芬,857,1.0,0.0,0.0,1,3.0,-1.0,6,2017-02-19,2017-02-19 00:55:00,1,1.99,3.4,3.02,3.0
575967,荷甲,赫拉克,296,精英,393,4.0,0.0,0.0,1,3.0,-1.0,6,2017-02-19,2017-02-19 00:55:00,1,1.8,3.5,3.48,3.0
574031,法甲,昂热,597,南锡,1130,1.0,0.0,0.0,1,3.0,-1.0,6,2017-02-19,2017-02-19 00:55:00,1,1.89,2.9,3.95,3.0
574040,法甲,卡昂,908,里尔,998,0.0,1.0,0.0,1,0.0,-1.0,6,2017-02-19,2017-02-19 00:55:00,1,2.3,2.86,2.9,3.0
573315,比甲,欧本,2100,科特赖,3515,1.0,0.0,0.0,1,3.0,-1.0,6,2017-02-19,2017-02-19 00:55:00,1,1.62,3.7,4.15,3.0
573318,比甲,匹卢维,6343,华斯兰,2124,1.0,2.0,0.0,1,0.0,-1.0,6,2017-02-19,2017-02-19 00:55:00,1,1.92,3.15,3.45,3.0
630301,巴圣锦,诺瓦里,8625,伊图阿,2197,1.0,0.0,0.0,1,3.0,-1.0,6,2017-02-19,2017-02-19 00:55:00,1,2.08,2.98,3.2,3.0
630299,巴圣锦,奥达克,7268,科林蒂,1572,0.0,1.0,0.0,1,0.0,-1.0,6,2017-02-19,2017-02-19 00:55:00,1,3.6,3.0,1.93,0.0
573321,比甲,聚尔特,436,圣图尔,502,4.0,1.0,0.0,1,3.0,-1.0,6,2017-02-19,2017-02-19 00:55:00,1,1.38,4.1,6.2,3.0
610620,意甲,恩波利,788,拉齐奥,964,1.0,2.0,0.0,1,0.0,-1.0,6,2017-02-19,2017-02-19 00:55:00,1,5.35,3.75,1.48,0.0
607065,西甲,塞维利,464,埃瓦尔,562,2.0,0.0,0.0,1,3.0,-1.0,6,2017-02-19,2017-02-19 00:55:00,1,1.36,4.35,6.1,3.0
575965,荷甲,乌德勒,1275,兹沃勒,1353,3.0,1.0,0.0,1,3.0,-1.0,6,2017-02-19,2017-02-19 00:55:00,1,1.55,3.9,4.4,3.0
609789,葡超,里斯本,1000,里奥阿,1002,1.0,0.0,0.0,1,3.0,-1.0,6,2017-02-19,2017-02-19 00:55:00,1,1.2,5.0,10.5,3.0
632931,智甲,巴勒人,2032,奥达科斯,2219,0.0,2.0,0.0,1,0.0,-1.0,6,2017-02-19,2017-02-19 00:55:00,1,1.8,3.65,3.35,3.0
630304,巴圣锦,庞特普,1586,巴红牛,7689,0.0,0.0,0.0,1,1.0,-1.0,6,2017-02-19,2017-02-19 00:55:00,1,1.65,3.45,4.3,3.0
630298,巴圣锦,桑托斯,472,费罗维,8626,0.0,1.0,0.0,1,0.0,-1.0,6,2017-02-19,2017-02-19 00:55:00,1,1.17,5.32,11.5,3.0
630302,巴圣锦,萨本托,3344,博塔弗,5713,0.0,0.0,0.0,1,1.0,-1.0,6,2017-02-19,2017-02-19 00:55:00,1,2.04,2.95,3.33,3.0
630297,巴圣锦,圣保罗,1385,米拉索,5164,2.0,2.0,0.0,1,1.0,-1.0,6,2017-02-19,2017-02-19 00:55:00,1,1.25,4.7,8.55,3.0
632932,智甲,科洛科,1814,奥伊金斯,3352,2.0,1.0,0.0,1,3.0,-1.0,6,2017-02-19,2017-02-19 00:55:00,1,1.49,4.1,4.7,3.0
628815,墨西联,蓝十字,1893,阿特拉,1891,0.0,1.0,0.0,1,0.0,-1.0,6,2017-02-19,2017-02-19 00:55:00,1,1.51,3.75,5.0,3.0
628816,墨西联,蒙特雷,1894,帕丘卡,1888,1.0,0.0,0.0,1,3.0,-1.0,6,2017-02-19,2017-02-19 00:55:00,1,1.74,3.45,3.78,3.0
628818,墨西联,莱昂,6945,拉古纳,1900,2.0,2.0,0.0,1,1.0,-1.0,6,2017-02-19,2017-02-19 00:55:00,1,1.8,3.45,3.55,3.0
628819,墨西联,拿加沙,1890,克雷塔,3605,1.0,4.0,0.0,1,0.0,-1.0,6,2017-02-19,2017-02-19 10:55:00,1,1.94,3.05,3.5,3.0
628820,墨西联,瓜达拉,1896,美洲队,533,1.0,0.0,0.0,1,3.0,-1.0,6,2017-02-19,2017-02-19 11:01:00,1,2.06,2.9,3.35,3.0
581459,澳超,西悉尼,7014,悉尼FC,3302,1.0,0.0,0.0,1,3.0,-1.0,6,2017-02-18,2017-02-18 16:45:00,1,4.05,3.4,1.7,0.0
581460,澳超,珀斯,3619,布里斯,3618,2.0,2.0,0.0,1,1.0,-1.0,6,2017-02-18,2017-02-18 18:55:00,1,2.2,3.2,2.76,3.0
596656,德乙,菲尔特,794,杜塞尔,781,1.0,0.0,0.0,1,3.0,-1.0,6,2017-02-18,2017-02-18 19:55:00,1,2.18,2.8,3.2,3.0
596653,德乙,波鸿,695,维尔茨,7389,2.0,1.0,0.0,1,3.0,-1.0,6,2017-02-18,2017-02-18 19:55:00,1,2.06,2.95,3.28,3.0
607060,西甲,希洪,1290,马竞技,1046,1.0,4.0,0.0,1,0.0,-1.0,6,2017-02-18,2017-02-18 19:55:00,1,7.2,4.0,1.35,0.0
634232,英足总杯,伯恩利,700,林肯城,1372,0.0,1.0,0.0,1,0.0,-1.0,6,2017-02-18,2017-02-18 20:25:00,1,1.15,5.5,13.0,3.0
647740,瑞典杯,厄勒布,611,奥特维,1715,1.0,1.0,0.0,1,1.0,-1.0,6,2017-02-18,2017-02-18 20:55:00,1,1.13,5.5,16.0,3.0
647734,瑞典杯,奥斯特,2638,瓦尔贝里,4492,2.0,1.0,0.0,1,3.0,-1.0,6,2017-02-18,2017-02-18 20:55:00,1,1.08,6.5,20.0,3.0
574611,法乙,布雷斯,1593,阿弗尔,982,2.0,0.0,0.0,1,3.0,-1.0,6,2017-02-18,2017-02-18 21:55:00,1,1.96,2.73,3.95,3.0
596349,德甲,多特,786,沃尔夫,1269,3.0,0.0,0.0,1,3.0,-1.0,6,2017-02-18,2017-02-18 22:25:00,1,1.18,5.75,9.25,3.0
596350,德甲,法兰克,791,因戈尔,2918,0.0,2.0,0.0,1,0.0,-1.0,6,2017-02-18,2017-02-18 22:25:00,1,1.69,3.1,4.65,3.0
596354,德甲,美因茨,1088,不来梅,1334,0.0,2.0,0.0,1,0.0,-1.0,6,2017-02-18,2017-02-18 22:25:00,1,1.73,3.6,3.65,3.0
596352,德甲,赫塔,659,拜仁,664,1.0,1.0,0.0,1,1.0,-1.0,6,2017-02-18,2017-02-18 22:25:00,1,9.5,4.6,1.24,0.0
596353,德甲,霍芬,1869,达姆施,1926,2.0,0.0,0.0,1,3.0,-1.0,6,2017-02-18,2017-02-18 22:25:00,1,1.23,5.0,8.6,3.0
577911,英冠,巴恩斯,640,布赖顿,721,0.0,2.0,0.0,1,0.0,-1.0,6,2017-02-18,2017-02-18 22:55:00,1,3.65,3.35,1.8,0.0
577913,英冠,伯明翰,701,巡游者,954,1.0,4.0,0.0,1,0.0,-1.0,6,2017-02-18,2017-02-18 22:55:00,1,2.25,2.9,2.95,3.0
577914,英冠,伯顿,2351,诺维奇,1144,2.0,1.0,0.0,1,3.0,-1.0,6,2017-02-18,2017-02-18 22:55:00,1,3.6,3.3,1.83,0.0
577912,英冠,加的夫,909,罗瑟汉,1037,5.0,0.0,0.0,1,3.0,-1.0,6,2017-02-18,2017-02-18 22:55:00,1,1.32,4.35,7.05,3.0
577918,英冠,诺丁汉,1142,谢周三,1300,1.0,2.0,0.0,1,0.0,-1.0,6,2017-02-18,2017-02-18 22:55:00,1,3.25,3.12,2.0,0.0
577916,英冠,维冈,1258,普雷斯,1165,0.0,0.0,0.0,1,1.0,-1.0,6,2017-02-18,2017-02-18 22:55:00,1,2.4,2.88,2.75,3.0
578383,英甲,罗奇代,1033,查尔顿,740,3.0,3.0,0.0,1,1.0,-1.0,6,2017-02-18,2017-02-18 22:55:00,1,2.0,3.05,3.33,3.0
578467,英甲,布拉德,716,博尔顿,704,2.0,2.0,0.0,1,1.0,-1.0,6,2017-02-18,2017-02-18 22:55:00,1,1.9,3.05,3.65,3.0
578468,英甲,切斯特,747,贝里,232,1.0,2.0,0.0,1,0.0,-1.0,6,2017-02-18,2017-02-18 22:55:00,1,2.24,3.2,2.7,3.0
578472,英甲,考文垂,930,吉灵汉,831,2.0,1.0,0.0,1,3.0,-1.0,6,2017-02-18,2017-02-18 22:55:00,1,2.25,3.12,2.75,3.0
578463,英甲,米尔顿,2023,福利特,3842,0.0,1.0,0.0,1,0.0,-1.0,6,2017-02-18,2017-02-18 22:55:00,1,1.96,3.15,3.32,3.0
578469,英甲,维尔港,1257,布流浪,1625,1.0,1.0,0.0,1,1.0,-1.0,6,2017-02-18,2017-02-18 22:55:00,1,3.35,3.4,1.87,0.0
578473,英甲,谢菲联,1299,斯肯索,523,1.0,1.0,0.0,1,1.0,-1.0,6,2017-02-18,2017-02-18 22:55:00,1,1.38,4.2,6.0,3.0
578462,英甲,什鲁斯,1618,温布尔,1267,2.0,1.0,0.0,1,3.0,-1.0,6,2017-02-18,2017-02-18 22:55:00,1,2.48,3.05,2.52,3.0
578464,英甲,南安联,490,北安普,1145,2.0,2.0,0.0,1,1.0,-1.0,6,2017-02-18,2017-02-18 22:55:00,1,1.88,3.35,3.35,3.0
578466,英甲,沃尔索,1272,彼得堡,689,2.0,0.0,0.0,1,3.0,-1.0,6,2017-02-18,2017-02-18 22:55:00,1,2.4,3.15,2.53,3.0
634236,英足总杯,哈德斯,847,曼城,1072,0.0,0.0,0.0,1,1.0,-1.0,6,2017-02-18,2017-02-18 22:55:00,1,12.8,6.3,1.12,0.0
634234,英足总杯,米德尔,1095,牛津联,1135,3.0,2.0,0.0,1,3.0,-1.0,6,2017-02-18,2017-02-18 22:55:00,1,1.42,3.8,6.2,3.0
574307,苏超,哈茨,855,伊凡尼,1363,1.0,1.0,0.0,1,1.0,-1.0,6,2017-02-18,2017-02-18 22:55:00,1,1.37,4.2,6.2,3.0
574309,苏超,帕尔蒂,1148,哈密尔,1916,2.0,0.0,0.0,1,3.0,-1.0,6,2017-02-18,2017-02-18 22:55:00,1,1.64,3.35,4.55,3.0
632930,智甲,圣地亚哥,1717,天主大,1718,3.0,0.0,0.0,1,3.0,-1.0,6,2017-02-18,2017-02-18 22:55:00,1,3.75,3.7,1.69,0.0
607063,西甲,皇马,883,西牙人,1283,2.0,0.0,0.0,1,3.0,-1.0,6,2017-02-18,2017-02-18 23:10:00,1,1.05,8.15,18.5,3.0
596657,德乙,海登,5315,斯图加,1195,1.0,2.0,0.0,1,0.0,-1.0,5,2017-02-18,2017-02-17 23:55:00,1,3.06,3.15,2.06,0.0
596658,德乙,凯泽,928,桑德豪,3716,3.0,0.0,0.0,1,3.0,-1.0,5,2017-02-18,2017-02-17 23:55:00,1,2.16,2.8,3.25,3.0
596654,德乙,不伦瑞,731,奥厄,575,1.0,1.0,0.0,1,1.0,-1.0,5,2017-02-18,2017-02-17 23:55:00,1,1.43,3.7,6.25,3.0
574609,法乙,欧塞尔,1146,阿雅克,560,1.0,0.0,0.0,1,3.0,-1.0,5,2017-02-18,2017-02-17 23:55:00,1,2.2,2.55,3.54,3.0
574613,法乙,阿雅GF,561,尼奥尔,1131,1.0,0.0,0.0,1,3.0,-1.0,5,2017-02-18,2017-02-17 23:55:00,1,1.8,2.8,4.61,3.0
574610,法乙,布尔格,5066,图尔,2328,3.0,2.0,0.0,1,3.0,-1.0,5,2017-02-18,2017-02-17 23:55:00,1,2.07,2.7,3.63,3.0
574617,法乙,特鲁瓦,1225,尼姆,1132,0.0,0.0,0.0,1,1.0,-1.0,5,2017-02-18,2017-02-17 23:55:00,1,1.75,3.1,4.25,3.0
574616,法乙,索肖,1210,拉瓦勒,966,1.0,1.0,0.0,1,1.0,-1.0,5,2017-02-18,2017-02-17 23:55:00,1,1.86,2.6,4.85,3.0
574615,法乙,圣红星,6597,斯特堡,1194,1.0,1.0,0.0,1,1.0,-1.0,5,2017-02-18,2017-02-17 23:55:00,1,3.2,2.6,2.32,0.0
575962,荷甲,罗达JC,1030,前进鹰,1796,1.0,0.0,0.0,1,3.0,-1.0,5,2017-02-18,2017-02-17 23:55:00,1,1.86,3.1,3.71,3.0
580043,荷乙,阿喀琉,3753,阿青年,3053,2.0,3.0,0.0,1,0.0,-1.0,5,2017-02-18,2017-02-17 23:55:00,1,7.8,5.5,1.22,0.0
580049,荷乙,格拉夫,782,特尔斯,1799,2.0,1.0,0.0,1,3.0,-1.0,5,2017-02-18,2017-02-17 23:55:00,1,1.37,4.35,5.9,3.0
580046,荷乙,奥斯,1172,登博思,756,1.0,1.0,0.0,1,1.0,-1.0,5,2017-02-18,2017-02-17 23:55:00,1,2.18,3.7,2.5,3.0
580042,荷乙,福图纳,1303,乌青年,8816,4.0,1.0,0.0,1,3.0,-1.0,5,2017-02-18,2017-02-17 23:55:00,1,1.67,3.7,3.85,3.0
580048,荷乙,海尔蒙,1795,埃门,2426,1.0,3.0,0.0,1,0.0,-1.0,5,2017-02-18,2017-02-17 23:55:00,1,2.12,3.25,2.86,3.0
580047,荷乙,瓦尔韦,385,多德勒,785,2.0,1.0,0.0,1,3.0,-1.0,5,2017-02-18,2017-02-17 23:55:00,1,1.54,4.0,4.35,3.0
596347,德甲,奥格斯,1923,勒沃,986,1.0,3.0,0.0,1,0.0,-1.0,5,2017-02-18,2017-02-17 23:55:00,1,3.4,3.0,2.0,0.0
573322,比甲,韦斯特,1264,布鲁日,729,1.0,2.0,0.0,1,0.0,-1.0,5,2017-02-18,2017-02-17 23:55:00,1,9.75,5.35,1.19,0.0
574039,法甲,巴斯蒂,655,摩纳哥,1105,1.0,1.0,0.0,1,1.0,-1.0,5,2017-02-18,2017-02-17 23:55:00,1,9.3,5.3,1.2,0.0
632928,智甲,伊基克,5715,科布雷萨,1905,3.0,1.0,0.0,1,3.0,-1.0,5,2017-02-18,2017-02-17 23:55:00,1,1.31,4.55,6.85,3.0
628814,墨西联,韦拉克鲁,1885,塔格雷,1897,0.0,3.0,0.0,1,0.0,-1.0,5,2017-02-18,2017-02-18 10:55:00,1,3.45,3.0,1.98,0.0
581457,澳超,阿德莱,3986,纽喷射,3617,1.0,0.0,0.0,1,3.0,-1.0,5,2017-02-17,2017-02-17 16:45:00,1,2.42,3.25,2.45,3.0
628584,欧罗巴,阿尔克,224,里昂,997,1.0,4.0,0.0,1,0.0,-1.0,4,2017-02-17,2017-02-16 23:55:00,1,4.15,3.55,1.65,0.0
628579,欧罗巴,门兴,1089,佛罗伦,803,0.0,1.0,0.0,1,0.0,-1.0,4,2017-02-17,2017-02-16 23:55:00,1,1.63,3.65,4.15,3.0
628581,欧罗巴,罗斯托,1038,布拉格,717,4.0,0.0,0.0,1,3.0,-1.0,4,2017-02-17,2017-02-16 23:55:00,1,1.91,2.9,3.85,3.0
628585,欧罗巴,根特,839,热刺,1238,1.0,0.0,0.0,1,3.0,-1.0,4,2017-02-17,2017-02-16 23:55:00,1,4.7,3.48,1.59,0.0
628591,欧罗巴,奥林匹,616,奥斯体,594,0.0,0.0,0.0,1,1.0,-1.0,4,2017-02-17,2017-02-16 23:55:00,1,1.48,3.55,5.8,3.0
628583,欧罗巴,毕尔巴,690,希腊人,2510,3.0,2.0,0.0,1,3.0,-1.0,4,2017-02-17,2017-02-16 23:55:00,1,1.15,5.5,12.75,3.0
628593,欧罗巴,比利亚,683,罗马,1032,0.0,4.0,0.0,1,0.0,-1.0,4,2017-02-17,2017-02-16 23:55:00,1,2.55,3.0,2.48,3.0
628586,欧罗巴,贝尔谢,1419,贝西克,688,1.0,3.0,0.0,1,0.0,-1.0,4,2017-02-17,2017-02-16 23:55:00,1,2.25,3.0,2.85,3.0
628588,欧罗巴,华沙,1004,阿贾克,540,0.0,0.0,0.0,1,1.0,-1.0,4,2017-02-17,2017-02-16 23:55:00,1,3.65,3.25,1.83,0.0
628590,欧罗巴,曼联,1075,埃蒂安,494,3.0,0.0,0.0,1,3.0,-1.0,4,2017-02-17,2017-02-16 23:55:00,1,1.1,6.35,16.0,3.0
628592,欧罗巴,塞萨洛,367,沙尔克,478,0.0,3.0,0.0,1,0.0,-1.0,4,2017-02-17,2017-02-16 23:55:00,1,4.1,3.15,1.76,0.0
630294,巴圣锦,帕尔梅,1567,圣贝尔,6461,2.0,0.0,0.0,1,3.0,-1.0,4,2017-02-17,2017-02-16 23:55:00,1,1.15,5.4,13.5,3.0
647692,解放者杯,巴兰基利,2256,图库曼,5361,1.0,0.0,0.0,1,3.0,-1.0,4,2017-02-17,2017-02-16 23:55:00,1,2.03,2.85,3.5,3.0
634471,巴超联杯,弗拉门,1577,米美洲,6212,1.0,0.0,0.0,1,3.0,-1.0,4,2017-02-17,2017-02-16 23:55:00,1,1.29,4.4,8.0,3.0
647693,解放者杯,西联合,1883,勇者,2266,1.0,1.0,0.0,1,1.0,-1.0,4,2017-02-17,2017-02-16 23:55:00,1,1.46,3.78,5.55,3.0
630296,巴圣锦,伊图阿,2197,萨本托,3344,1.0,0.0,0.0,1,3.0,-1.0,3,2017-02-16,2017-02-15 23:55:00,1,1.95,2.85,3.76,3.0
628563,欧冠,拜仁,664,阿森纳,554,5.0,1.0,0.0,1,3.0,-1.0,3,2017-02-16,2017-02-15 23:55:00,1,1.26,4.8,7.85,3.0
628561,欧冠,皇马,883,那不勒,1125,3.0,1.0,0.0,1,3.0,-1.0,3,2017-02-16,2017-02-15 23:55:00,1,1.33,4.4,6.65,3.0
630293,巴圣锦,科林蒂,1572,诺瓦里,8625,1.0,0.0,0.0,1,3.0,-1.0,3,2017-02-16,2017-02-15 23:55:00,1,1.2,4.9,11.0,3.0
647690,解放者杯,巴拉竞,1571,卡比亚,7063,3.0,3.0,0.0,1,1.0,-1.0,3,2017-02-16,2017-02-15 23:55:00,1,1.32,3.95,8.4,3.0
647691,解放者杯,博塔弗,1568,奥林匹,3604,1.0,0.0,0.0,1,3.0,-1.0,3,2017-02-16,2017-02-15 23:55:00,1,1.62,3.2,5.0,3.0
630289,巴圣锦,桑托斯,472,圣保罗,1385,1.0,3.0,0.0,1,0.0,-1.0,3,2017-02-16,2017-02-15 23:55:00,1,1.88,3.25,3.45,3.0
631597,墨西杯,拿加沙,1890,美洲虎,1902,1.0,2.0,0.0,1,0.0,-1.0,3,2017-02-16,2017-02-15 23:55:00,1,1.7,3.35,4.12,3.0
631579,墨西杯,奥哈卡,7216,蓝十字,1893,0.0,0.0,0.0,1,1.0,-1.0,3,2017-02-16,2017-02-16 10:25:00,1,4.18,3.05,1.78,0.0
631609,墨西杯,英迪欧斯,5342,库利亚,1895,2.0,1.0,0.0,1,3.0,-1.0,3,2017-02-16,2017-02-16 10:55:00,1,1.69,3.35,4.18,3.0
647763,苏足总杯,哈密尔,1916,邓弗姆,766,1.0,1.0,0.0,1,1.0,-1.0,2,2017-02-15,2017-02-14 23:55:00,1,1.9,3.15,3.5,3.0
628566,欧冠,日尔曼,647,巴萨,653,4.0,0.0,0.0,1,3.0,-1.0,2,2017-02-15,2017-02-14 23:55:00,1,3.35,3.15,1.95,0.0
628562,欧冠,本菲卡,678,多特,786,1.0,0.0,0.0,1,3.0,-1.0,2,2017-02-15,2017-02-14 23:55:00,1,3.1,3.0,2.12,0.0
577909,英冠,维拉,555,巴恩斯,640,1.0,3.0,0.0,1,0.0,-1.0,2,2017-02-15,2017-02-14 23:55:00,1,1.61,3.4,4.66,3.0
577908,英冠,布赖顿,721,伊普斯,1314,1.0,1.0,0.0,1,1.0,-1.0,2,2017-02-15,2017-02-14 23:55:00,1,1.28,4.32,8.6,3.0
577902,英冠,德比郡,760,加的夫,909,3.0,4.0,0.0,1,0.0,-1.0,2,2017-02-15,2017-02-14 23:55:00,1,1.77,3.1,4.15,3.0
577904,英冠,富勒姆,811,诺丁汉,1142,3.0,2.0,0.0,1,3.0,-1.0,2,2017-02-15,2017-02-14 23:55:00,1,1.35,4.4,6.2,3.0
577899,英冠,利兹,1015,布里斯,728,2.0,1.0,0.0,1,3.0,-1.0,2,2017-02-15,2017-02-14 23:55:00,1,1.72,3.2,4.25,3.0
577906,英冠,普雷斯,1165,伯明翰,701,2.0,1.0,0.0,1,3.0,-1.0,2,2017-02-15,2017-02-14 23:55:00,1,1.83,3.12,3.81,3.0
577907,英冠,罗瑟汉,1037,哈德斯,847,2.0,3.0,0.0,1,0.0,-1.0,2,2017-02-15,2017-02-14 23:55:00,1,5.15,3.92,1.47,0.0
577905,英冠,谢周三,1300,布莱克,723,2.0,1.0,0.0,1,3.0,-1.0,2,2017-02-15,2017-02-14 23:55:00,1,1.43,3.8,6.0,3.0
577901,英冠,狼队,978,维冈,1258,0.0,1.0,0.0,1,0.0,-1.0,2,2017-02-15,2017-02-14 23:55:00,1,1.8,3.1,4.0,3.0
578459,英甲,温布尔,1267,考文垂,930,1.0,1.0,0.0,1,1.0,-1.0,2,2017-02-15,2017-02-14 23:55:00,1,1.74,3.25,4.05,3.0
578456,英甲,布流浪,1625,谢菲联,1299,0.0,0.0,0.0,1,1.0,-1.0,2,2017-02-15,2017-02-14 23:55:00,1,4.05,3.6,1.66,0.0
578458,英甲,贝里,232,米尔顿,2023,0.0,0.0,0.0,1,1.0,-1.0,2,2017-02-15,2017-02-14 23:55:00,1,2.9,3.25,2.1,0.0
578454,英甲,福利特,3842,布拉德,716,2.0,1.0,0.0,1,3.0,-1.0,2,2017-02-15,2017-02-14 23:55:00,1,2.78,2.77,2.45,0.0
578453,英甲,吉灵汉,831,切斯特,747,1.0,1.0,0.0,1,1.0,-1.0,2,2017-02-15,2017-02-14 23:55:00,1,1.76,3.4,3.75,3.0
578451,英甲,米尔沃,1097,维尔港,1257,2.0,0.0,0.0,1,3.0,-1.0,2,2017-02-15,2017-02-14 23:55:00,1,1.28,4.52,7.85,3.0
578460,英甲,北安普,1145,斯文登,510,2.0,1.0,0.0,1,3.0,-1.0,2,2017-02-15,2017-02-14 23:55:00,1,1.74,3.45,3.8,3.0
578457,英甲,奥德汉,630,查尔顿,740,1.0,0.0,0.0,1,3.0,-1.0,2,2017-02-15,2017-02-14 23:55:00,1,2.4,2.9,2.72,3.0
578461,英甲,牛津联,1135,南安联,490,0.0,2.0,0.0,1,0.0,-1.0,2,2017-02-15,2017-02-14 23:55:00,1,1.96,3.2,3.26,3.0
578452,英甲,彼得堡,689,什鲁斯,1618,2.0,1.0,0.0,1,3.0,-1.0,2,2017-02-15,2017-02-14 23:55:00,1,1.69,3.55,3.9,3.0
578455,英甲,斯肯索,523,沃尔索,1272,0.0,0.0,0.0,1,1.0,-1.0,2,2017-02-15,2017-02-14 23:55:00,1,1.56,3.65,4.7,3.0
577900,英冠,雷丁,989,布伦特,1361,3.0,2.0,0.0,1,3.0,-1.0,2,2017-02-15,2017-02-14 23:55:00,1,1.9,3.33,3.3,3.0
578450,英甲,博尔顿,704,罗奇代,1033,1.0,0.0,0.0,1,3.0,-1.0,2,2017-02-15,2017-02-14 23:55:00,1,1.9,3.15,3.5,3.0
630290,巴圣锦,米拉索,5164,林斯,6460,3.0,1.0,0.0,1,3.0,-1.0,2,2017-02-15,2017-02-14 23:55:00,1,1.76,3.25,3.95,3.0
631591,墨西杯,普埃布,1899,扎卡特,7487,1.0,0.0,0.0,1,3.0,-1.0,2,2017-02-15,2017-02-14 23:55:00,1,1.8,3.35,3.65,3.0
631615,墨西杯,托卢卡,1887,韦拉克鲁,1885,1.0,1.0,0.0,1,1.0,-1.0,2,2017-02-15,2017-02-14 23:55:00,1,1.44,3.8,5.85,3.0
631585,墨西杯,美洲队,533,特彼斯,7486,1.0,0.0,0.0,1,3.0,-1.0,2,2017-02-15,2017-02-15 10:55:00,1,1.24,4.9,8.45,3.0
631621,墨西杯,莱昂,6945,萨卡特,7214,4.0,0.0,0.0,1,3.0,-1.0,2,2017-02-15,2017-02-15 11:00:00,1,1.35,4.3,6.45,3.0
580041,荷乙,阿青年,3053,马斯特,349,-1.0,-1.0,0.0,1,-1.0,-1.0,1,2017-02-15,2017-02-13 23:55:00,1,1.74,3.8,3.45,3.0
574608,法乙,斯特堡,1194,奥尔良,3958,3.0,2.0,0.0,1,3.0,-1.0,1,2017-02-14,2017-02-13 23:55:00,1,1.71,2.9,5.0,3.0
580040,荷乙,乌青年,8816,福伦丹,1273,2.0,4.0,0.0,1,0.0,-1.0,1,2017-02-14,2017-02-13 23:55:00,1,3.55,3.75,1.72,0.0
596645,德乙,汉诺威,862,波鸿,695,2.0,1.0,0.0,1,3.0,-1.0,1,2017-02-14,2017-02-13 23:55:00,1,1.54,3.8,4.6,3.0
610611,意甲,拉齐奥,964,AC米兰,210,1.0,1.0,0.0,1,1.0,-1.0,1,2017-02-14,2017-02-13 23:55:00,1,1.62,3.55,4.35,3.0
607051,西甲,埃瓦尔,562,格拉纳,4607,4.0,0.0,0.0,1,3.0,-1.0,1,2017-02-14,2017-02-13 23:55:00,1,1.43,3.85,5.9,3.0
574604,法乙,朗斯,979,克莱蒙,944,3.0,1.0,0.0,1,3.0,-1.0,1,2017-02-14,2017-02-13 23:55:00,1,1.77,2.9,4.55,3.0
572965,英超,伯恩茅,667,曼城,1072,0.0,2.0,0.0,1,0.0,-1.0,1,2017-02-14,2017-02-13 23:55:00,1,6.6,4.7,1.31,0.0
581454,澳超,纽喷射,3617,墨尔本,3615,0.0,0.0,0.0,1,1.0,-1.0,1,2017-02-13,2017-02-13 16:45:00,1,3.65,3.75,1.7,0.0
572972,英超,斯旺西,511,莱切城,973,2.0,0.0,0.0,1,3.0,-1.0,0,2017-02-13,2017-02-12 23:55:00,1,2.43,2.95,2.64,3.0
574023,法甲,埃蒂安,494,洛里昂,980,4.0,0.0,0.0,1,3.0,-1.0,0,2017-02-13,2017-02-12 23:55:00,1,1.51,3.57,5.35,3.0
609777,葡超,葡国民,1099,比兰尼,725,1.0,1.0,0.0,1,1.0,-1.0,0,2017-02-13,2017-02-12 23:55:00,1,2.25,2.82,3.03,3.0
596339,德甲,弗赖堡,804,科隆,932,2.0,1.0,0.0,1,3.0,-1.0,0,2017-02-13,2017-02-13 00:25:00,1,2.46,2.9,2.65,3.0
610606,意甲,桑普多,468,博洛尼,707,3.0,1.0,0.0,1,3.0,-1.0,0,2017-02-13,2017-02-13 00:55:00,1,1.72,3.35,4.0,3.0
573311,比甲,洛克伦,1042,布鲁日,729,1.0,0.0,0.0,1,3.0,-1.0,0,2017-02-13,2017-02-13 00:55:00,1,5.55,3.85,1.45,0.0
607053,西甲,拉斯帕,965,塞维利,464,0.0,1.0,0.0,1,0.0,-1.0,0,2017-02-13,2017-02-13 00:55:00,1,3.3,3.5,1.85,0.0
609784,葡超,摩雷伦斯,1110,里斯本,1000,2.0,3.0,0.0,1,0.0,-1.0,0,2017-02-13,2017-02-13 00:55:00,1,7.65,4.15,1.32,0.0
628811,墨西联,托卢卡,1887,韦拉克鲁,1885,1.0,0.0,0.0,1,3.0,-1.0,0,2017-02-13,2017-02-13 00:55:00,1,1.35,4.2,6.65,3.0
573314,比甲,华斯兰,2124,列日,691,0.0,1.0,0.0,1,0.0,-1.0,0,2017-02-13,2017-02-13 00:55:00,1,3.75,3.25,1.8,0.0
630282,巴圣锦,圣保罗,1385,庞特普,1586,5.0,2.0,0.0,1,3.0,-1.0,0,2017-02-13,2017-02-13 00:55:00,1,1.59,3.45,4.8,3.0
610610,意甲,卡利亚,917,尤文,1330,0.0,2.0,0.0,1,0.0,-1.0,0,2017-02-13,2017-02-13 00:55:00,1,10.5,5.35,1.18,0.0
607049,西甲,马竞技,1046,塞尔塔,457,3.0,2.0,0.0,1,3.0,-1.0,0,2017-02-13,2017-02-13 00:55:00,1,1.2,4.85,11.2,3.0
574025,法甲,南特,1129,马赛,1064,3.0,2.0,0.0,1,3.0,-1.0,0,2017-02-13,2017-02-13 00:55:00,1,3.1,2.9,2.17,0.0
609781,葡超,博维斯,709,布拉加,719,1.0,1.0,0.0,1,1.0,-1.0,0,2017-02-13,2017-02-13 00:55:00,1,3.22,2.83,2.15,0.0
632923,智甲,科洛科,1814,奥达科斯,2219,4.0,0.0,0.0,1,3.0,-1.0,0,2017-02-13,2017-02-13 00:55:00,1,1.33,4.6,6.25,3.0
630286,巴圣锦,伊图阿,2197,帕尔梅,1567,1.0,0.0,0.0,1,3.0,-1.0,0,2017-02-13,2017-02-13 00:55:00,1,4.46,3.3,1.66,0.0
630288,巴圣锦,圣贝尔,6461,萨本托,3344,2.0,1.0,0.0,1,3.0,-1.0,0,2017-02-13,2017-02-13 00:55:00,1,2.2,3.0,2.93,3.0
628812,墨西联,美洲虎,1902,莫雷利,1892,1.0,2.0,0.0,1,0.0,-1.0,0,2017-02-13,2017-02-13 00:55:00,1,2.1,3.1,3.02,3.0
632924,智甲,康塞普西,2823,圣地亚哥,1717,1.0,0.0,0.0,1,3.0,-1.0,0,2017-02-13,2017-02-13 00:55:00,1,1.92,3.35,3.25,3.0
628813,墨西联,拉古纳,1900,蓝十字,1893,2.0,2.0,0.0,1,1.0,-1.0,0,2017-02-13,2017-02-13 00:55:00,1,2.42,3.05,2.58,3.0
581456,澳超,西悉尼,7014,中央海,3616,0.0,2.0,0.0,1,0.0,-1.0,0,2017-02-12,2017-02-12 13:55:00,1,1.25,4.9,8.0,3.0
607056,西甲,比利亚,683,马拉加,1056,1.0,1.0,0.0,1,1.0,-1.0,0,2017-02-12,2017-02-12 18:55:00,1,1.5,3.65,5.3,3.0
610613,意甲,克罗托,243,罗马,1032,0.0,2.0,0.0,1,0.0,-1.0,0,2017-02-12,2017-02-12 19:25:00,1,10.0,5.28,1.19,0.0
575961,荷甲,精英,393,特温特,1231,1.0,1.0,0.0,1,1.0,-1.0,0,2017-02-12,2017-02-12 19:25:00,1,2.9,3.13,2.15,0.0
596649,德乙,柏林联,660,比勒费,682,3.0,1.0,0.0,1,3.0,-1.0,0,2017-02-12,2017-02-12 20:25:00,1,1.62,3.5,4.45,3.0
596650,德乙,斯图加,1195,桑德豪,3716,2.0,1.0,0.0,1,3.0,-1.0,0,2017-02-12,2017-02-12 20:25:00,1,1.45,3.8,5.65,3.0
634264,苏足总杯,哈茨,855,希伯尼,1393,0.0,0.0,0.0,1,1.0,-1.0,0,2017-02-12,2017-02-12 20:25:00,1,2.05,3.15,3.1,3.0
630281,巴圣锦,巴红牛,7689,桑托斯,472,2.0,3.0,0.0,1,0.0,-1.0,0,2017-02-12,2017-02-12 20:55:00,1,7.05,4.25,1.33,0.0
572966,英超,伯恩利,700,切尔西,1173,1.0,1.0,0.0,1,1.0,-1.0,0,2017-02-12,2017-02-12 21:25:00,1,8.4,4.5,1.27,0.0
575958,荷甲,阿贾克,540,鹿特丹,518,2.0,0.0,0.0,1,3.0,-1.0,0,2017-02-12,2017-02-12 21:25:00,1,1.07,7.25,17.5,3.0
575959,荷甲,海伦芬,857,阿尔克,224,1.0,2.0,0.0,1,0.0,-1.0,0,2017-02-12,2017-02-12 21:25:00,1,2.3,3.25,2.6,3.0
573307,比甲,安德莱,590,聚尔特,436,4.0,2.0,0.0,1,3.0,-1.0,0,2017-02-12,2017-02-12 21:25:00,1,1.35,4.35,6.3,3.0
610612,意甲,都灵,776,佩斯卡,1156,5.0,3.0,0.0,1,3.0,-1.0,0,2017-02-12,2017-02-12 21:55:00,1,1.25,4.9,8.0,3.0
610608,意甲,国米,846,恩波利,788,2.0,0.0,0.0,1,3.0,-1.0,0,2017-02-12,2017-02-12 21:55:00,1,1.16,5.42,12.0,3.0
610605,意甲,巴勒莫,645,亚特兰,1308,1.0,3.0,0.0,1,0.0,-1.0,0,2017-02-12,2017-02-12 21:55:00,1,4.85,3.6,1.55,0.0
610607,意甲,萨索洛,3656,切沃,1174,1.0,3.0,0.0,1,0.0,-1.0,0,2017-02-12,2017-02-12 21:55:00,1,1.74,3.3,3.97,3.0
596345,德甲,沃尔夫,1269,霍芬,1869,2.0,1.0,0.0,1,3.0,-1.0,0,2017-02-12,2017-02-12 22:25:00,1,2.44,3.2,2.46,3.0
634265,苏足总杯,流浪者,827,摩顿,3542,2.0,1.0,0.0,1,3.0,-1.0,0,2017-02-12,2017-02-12 22:55:00,1,1.15,5.91,11.0,3.0
632922,智甲,伊瓦顿,1904,天主大,1718,2.0,1.0,0.0,1,3.0,-1.0,0,2017-02-12,2017-02-12 22:55:00,1,3.25,3.6,1.84,0.0
607054,西甲,莱加内,971,希洪,1290,0.0,2.0,0.0,1,0.0,-1.0,0,2017-02-12,2017-02-12 23:10:00,1,1.65,3.17,4.8,3.0
575960,荷甲,埃因霍,378,乌德勒,1275,3.0,0.0,0.0,1,3.0,-1.0,0,2017-02-12,2017-02-12 23:40:00,1,1.19,5.35,9.75,3.0
574027,法甲,甘冈,813,里昂,997,2.0,1.0,0.0,1,3.0,-1.0,6,2017-02-12,2017-02-11 23:55:00,1,3.6,3.25,1.84,0.0
609778,葡超,塞图巴,463,查维斯,239,0.0,0.0,0.0,1,1.0,-1.0,6,2017-02-12,2017-02-11 23:55:00,1,2.25,2.72,3.15,3.0
573312,比甲,匹卢维,6343,奥斯坦,625,1.0,2.0,0.0,1,0.0,-1.0,6,2017-02-12,2017-02-12 00:55:00,1,2.95,3.3,2.05,0.0
572967,英超,利物浦,1011,热刺,1238,2.0,0.0,0.0,1,3.0,-1.0,6,2017-02-12,2017-02-12 00:55:00,1,2.17,2.98,3.0,3.0
577891,英冠,狼队,978,纽卡,1137,0.0,1.0,0.0,1,0.0,-1.0,6,2017-02-12,2017-02-12 00:55:00,1,3.9,3.15,1.8,0.0
596343,德甲,沙尔克,478,赫塔,659,2.0,0.0,0.0,1,3.0,-1.0,6,2017-02-12,2017-02-12 00:55:00,1,1.62,3.4,4.6,3.0
607048,西甲,毕尔巴,690,拉科鲁,959,2.0,1.0,0.0,1,3.0,-1.0,6,2017-02-12,2017-02-12 00:55:00,1,1.45,3.75,5.8,3.0
575954,荷甲,赫拉克,296,罗达JC,1030,2.0,2.0,0.0,1,1.0,-1.0,6,2017-02-12,2017-02-12 00:55:00,1,1.78,3.4,3.65,3.0
609782,葡超,埃斯托,1616,费雷拉,796,2.0,1.0,0.0,1,3.0,-1.0,6,2017-02-12,2017-02-12 00:55:00,1,2.37,2.86,2.8,3.0
575956,荷甲,费耶诺,801,格罗宁,834,2.0,0.0,0.0,1,3.0,-1.0,6,2017-02-12,2017-02-12 00:55:00,1,1.13,6.0,13.0,3.0
575955,荷甲,前进鹰,1796,海牙,211,3.0,1.0,0.0,1,3.0,-1.0,6,2017-02-12,2017-02-12 00:55:00,1,2.07,3.15,3.05,3.0
574021,法甲,摩纳哥,1105,梅斯,1084,5.0,0.0,0.0,1,3.0,-1.0,6,2017-02-12,2017-02-12 00:55:00,1,1.09,6.8,15.5,3.0
574022,法甲,南锡,1130,蒙彼利,1090,0.0,3.0,0.0,1,0.0,-1.0,6,2017-02-12,2017-02-12 00:55:00,1,2.27,2.86,2.95,3.0
574024,法甲,第戎,774,卡昂,908,2.0,0.0,0.0,1,3.0,-1.0,6,2017-02-12,2017-02-12 00:55:00,1,2.01,3.0,3.35,3.0
574030,法甲,图卢兹,1233,巴斯蒂,655,4.0,1.0,0.0,1,3.0,-1.0,6,2017-02-12,2017-02-12 00:55:00,1,1.68,3.1,4.75,3.0
574028,法甲,里尔,998,昂热,597,1.0,2.0,0.0,1,0.0,-1.0,6,2017-02-12,2017-02-12 00:55:00,1,1.72,3.0,4.65,3.0
573310,比甲,科特赖,3515,梅赫伦,1079,0.0,2.0,0.0,1,0.0,-1.0,6,2017-02-12,2017-02-12 00:55:00,1,2.1,3.35,2.82,3.0
573308,比甲,沙勒罗,742,韦斯特,1264,2.0,1.0,0.0,1,3.0,-1.0,6,2017-02-12,2017-02-12 00:55:00,1,1.4,3.92,6.25,3.0
630283,巴圣锦,费罗维,8626,米拉索,5164,1.0,3.0,0.0,1,0.0,-1.0,6,2017-02-12,2017-02-12 00:55:00,1,1.9,3.15,3.5,3.0
573309,比甲,根特,839,欧本,2100,0.0,1.0,0.0,1,0.0,-1.0,6,2017-02-12,2017-02-12 00:55:00,1,1.21,4.95,10.0,3.0
610614,意甲,佛罗伦,803,乌迪内,1276,3.0,0.0,0.0,1,3.0,-1.0,6,2017-02-12,2017-02-12 00:55:00,1,1.5,3.8,5.0,3.0
607055,西甲,奥萨苏,622,皇马,883,1.0,3.0,0.0,1,0.0,-1.0,6,2017-02-12,2017-02-12 00:55:00,1,13.75,6.8,1.1,0.0
575957,荷甲,维迪斯,1255,威廉,1248,0.0,2.0,0.0,1,0.0,-1.0,6,2017-02-12,2017-02-12 00:55:00,1,1.35,4.2,6.65,3.0
609783,葡超,吉马良,893,波尔图,694,0.0,2.0,0.0,1,0.0,-1.0,6,2017-02-12,2017-02-12 00:55:00,1,7.0,4.0,1.36,0.0
632920,智甲,奥伊金斯,3352,西联合,1883,2.0,0.0,0.0,1,3.0,-1.0,6,2017-02-12,2017-02-12 00:55:00,1,1.65,3.8,3.85,3.0
630287,巴圣锦,博塔弗,5713,诺瓦里,8625,2.0,1.0,0.0,1,3.0,-1.0,6,2017-02-12,2017-02-12 00:55:00,1,2.1,3.05,3.08,3.0
630285,巴圣锦,科林蒂,1572,圣安德,2204,0.0,2.0,0.0,1,0.0,-1.0,6,2017-02-12,2017-02-12 00:55:00,1,1.2,4.8,11.5,3.0
632921,智甲,智利大,1907,特木科,1909,1.0,0.0,0.0,1,3.0,-1.0,6,2017-02-12,2017-02-12 00:55:00,1,1.5,4.1,4.6,3.0
628807,墨西联,阿特拉,1891,瓜达拉,1896,1.0,2.0,0.0,1,0.0,-1.0,6,2017-02-12,2017-02-12 00:55:00,1,2.92,2.85,2.3,0.0
628808,墨西联,蒙特雷,1894,美洲狮,1884,2.0,0.0,0.0,1,3.0,-1.0,6,2017-02-12,2017-02-12 00:55:00,1,1.52,3.9,4.65,3.0
628809,墨西联,帕丘卡,1888,塔格雷,1897,1.0,0.0,0.0,1,3.0,-1.0,6,2017-02-12,2017-02-12 00:55:00,1,1.97,3.1,3.35,3.0
628810,墨西联,美洲队,533,普埃布,1899,0.0,0.0,0.0,1,1.0,-1.0,6,2017-02-12,2017-02-12 10:55:00,1,1.41,4.0,5.9,3.0
631903,日新杯,熊本,5183,北九州,6182,0.0,3.0,0.0,1,0.0,-1.0,6,2017-02-11,2017-02-11 09:55:00,1,2.54,2.8,2.65,3.0
609779,葡超,通德拉,6975,菲伦斯,2923,0.0,1.0,0.0,1,0.0,-1.0,6,2017-02-11,2017-02-11 19:40:00,1,2.35,2.74,2.95,3.0
596651,德乙,维尔茨,7389,海登,5315,0.0,2.0,0.0,1,0.0,-1.0,6,2017-02-11,2017-02-11 19:55:00,1,2.1,2.73,3.5,3.0
596646,德乙,慕尼黑,1121,卡尔斯,914,2.0,1.0,0.0,1,3.0,-1.0,6,2017-02-11,2017-02-11 19:55:00,1,2.27,2.92,2.9,3.0
607050,西甲,贝蒂斯,673,巴伦西,1243,0.0,0.0,0.0,1,1.0,-1.0,6,2017-02-11,2017-02-11 19:55:00,1,2.35,3.1,2.62,3.0
572964,英超,阿森纳,554,赫尔城,872,2.0,0.0,0.0,1,3.0,-1.0,6,2017-02-11,2017-02-11 20:25:00,1,1.15,5.77,11.5,3.0
574607,法乙,兰斯,975,索肖,1210,0.0,1.0,0.0,1,0.0,-1.0,6,2017-02-11,2017-02-11 21:55:00,1,1.89,2.75,4.25,3.0
596337,德甲,勒沃,986,法兰克,791,3.0,0.0,0.0,1,3.0,-1.0,6,2017-02-11,2017-02-11 22:25:00,1,1.76,3.25,3.95,3.0
596340,德甲,因戈尔,2918,拜仁,664,0.0,2.0,0.0,1,0.0,-1.0,6,2017-02-11,2017-02-11 22:25:00,1,9.1,4.7,1.24,0.0
596342,德甲,莱比锡,970,汉堡,860,0.0,3.0,0.0,1,0.0,-1.0,6,2017-02-11,2017-02-11 22:25:00,1,1.41,3.9,6.1,3.0
596338,德甲,达姆施,1926,多特,786,2.0,1.0,0.0,1,3.0,-1.0,6,2017-02-11,2017-02-11 22:25:00,1,9.3,5.3,1.2,0.0
572968,英超,曼联,1075,沃特福,1274,2.0,0.0,0.0,1,3.0,-1.0,6,2017-02-11,2017-02-11 22:55:00,1,1.13,5.9,13.5,3.0
572969,英超,米德尔,1095,埃弗顿,565,0.0,0.0,0.0,1,1.0,-1.0,6,2017-02-11,2017-02-11 22:55:00,1,3.95,3.15,1.79,0.0
572970,英超,斯托克,1197,水晶宫,516,1.0,0.0,0.0,1,3.0,-1.0,6,2017-02-11,2017-02-11 22:55:00,1,2.0,3.05,3.32,3.0
572971,英超,桑德兰,466,南安普,1128,0.0,4.0,0.0,1,0.0,-1.0,6,2017-02-11,2017-02-11 22:55:00,1,3.41,3.2,1.91,0.0
572973,英超,西汉姆,1286,西布罗,1284,2.0,2.0,0.0,1,1.0,-1.0,6,2017-02-11,2017-02-11 22:55:00,1,2.15,2.88,3.15,3.0
577896,英冠,维拉,555,伊普斯,1314,0.0,1.0,0.0,1,0.0,-1.0,6,2017-02-11,2017-02-11 22:55:00,1,1.62,3.3,4.8,3.0
577886,英冠,布赖顿,721,伯顿,2351,4.0,1.0,0.0,1,3.0,-1.0,6,2017-02-11,2017-02-11 22:55:00,1,1.29,4.3,8.2,3.0
577887,英冠,德比郡,760,布里斯,728,3.0,3.0,0.0,1,1.0,-1.0,6,2017-02-11,2017-02-11 22:55:00,1,1.67,3.35,4.3,3.0
577889,英冠,富勒姆,811,维冈,1258,3.0,2.0,0.0,1,3.0,-1.0,6,2017-02-11,2017-02-11 22:55:00,1,1.41,4.06,5.75,3.0
577890,英冠,利兹,1015,加的夫,909,0.0,2.0,0.0,1,0.0,-1.0,6,2017-02-11,2017-02-11 22:55:00,1,1.85,3.01,3.9,3.0
577892,英冠,诺维奇,1144,诺丁汉,1142,5.0,1.0,0.0,1,3.0,-1.0,6,2017-02-11,2017-02-11 22:55:00,1,1.4,4.1,5.83,3.0
577888,英冠,普雷斯,1165,布伦特,1361,4.0,2.0,0.0,1,3.0,-1.0,6,2017-02-11,2017-02-11 22:55:00,1,2.02,3.25,3.06,3.0
577897,英冠,雷丁,989,巴恩斯,640,0.0,0.0,0.0,1,1.0,-1.0,6,2017-02-11,2017-02-11 22:55:00,1,1.65,3.6,4.08,3.0
577893,英冠,罗瑟汉,1037,布莱克,723,1.0,1.0,0.0,1,1.0,-1.0,6,2017-02-11,2017-02-11 22:55:00,1,2.77,3.25,2.17,0.0
578446,英甲,温布尔,1267,查尔顿,740,1.0,1.0,0.0,1,1.0,-1.0,6,2017-02-11,2017-02-11 22:55:00,1,2.15,3.15,2.88,3.0
578444,英甲,博尔顿,704,沃尔索,1272,4.0,1.0,0.0,1,3.0,-1.0,6,2017-02-11,2017-02-11 22:55:00,1,1.65,3.4,4.36,3.0
578438,英甲,贝里,232,斯文登,510,1.0,0.0,0.0,1,3.0,-1.0,6,2017-02-11,2017-02-11 22:55:00,1,2.0,3.4,2.98,3.0
578440,英甲,福利特,3842,罗奇代,1033,0.0,0.0,0.0,1,1.0,-1.0,6,2017-02-11,2017-02-11 22:55:00,1,2.22,3.05,2.85,3.0
578439,英甲,吉灵汉,831,维尔港,1257,1.0,1.0,0.0,1,1.0,-1.0,6,2017-02-11,2017-02-11 22:55:00,1,1.64,3.55,4.2,3.0
578449,英甲,米尔沃,1097,南安联,490,1.0,0.0,0.0,1,3.0,-1.0,6,2017-02-11,2017-02-11 22:55:00,1,1.76,3.35,3.8,3.0
578442,英甲,北安普,1145,切斯特,747,3.0,1.0,0.0,1,3.0,-1.0,6,2017-02-11,2017-02-11 22:55:00,1,1.7,3.5,3.92,3.0
578448,英甲,奥德汉,630,考文垂,930,3.0,2.0,0.0,1,3.0,-1.0,6,2017-02-11,2017-02-11 22:55:00,1,1.9,3.05,3.65,3.0
578447,英甲,牛津联,1135,米尔顿,2023,1.0,0.0,0.0,1,3.0,-1.0,6,2017-02-11,2017-02-11 22:55:00,1,2.25,3.2,2.7,3.0
578445,英甲,彼得堡,689,谢菲联,1299,0.0,1.0,0.0,1,0.0,-1.0,6,2017-02-11,2017-02-11 22:55:00,1,3.8,3.55,1.71,0.0
578441,英甲,斯肯索,523,什鲁斯,1618,0.0,1.0,0.0,1,0.0,-1.0,6,2017-02-11,2017-02-11 22:55:00,1,1.46,3.8,5.5,3.0
574294,苏超,邓迪,784,基马诺,888,1.0,1.0,0.0,1,1.0,-1.0,6,2017-02-11,2017-02-11 22:55:00,1,1.87,3.15,3.62,3.0
634261,苏足总杯,圣约翰,401,帕尔蒂,1148,0.0,1.0,0.0,1,0.0,-1.0,6,2017-02-11,2017-02-11 22:55:00,1,2.0,3.06,3.3,3.0
634262,苏足总杯,罗斯郡,1719,阿伯丁,527,0.0,1.0,0.0,1,0.0,-1.0,6,2017-02-11,2017-02-11 22:55:00,1,4.3,3.65,1.61,0.0
632927,智甲,瓦奇巴托,1908,巴勒人,2032,3.0,2.0,0.0,1,3.0,-1.0,6,2017-02-11,2017-02-11 22:55:00,1,2.28,3.45,2.5,3.0
607047,西甲,阿拉维,542,巴萨,653,0.0,6.0,0.0,1,0.0,-1.0,6,2017-02-11,2017-02-11 23:10:00,1,11.5,6.05,1.14,0.0
596647,德乙,纽伦堡,1138,不伦瑞,731,1.0,1.0,0.0,1,1.0,-1.0,5,2017-02-11,2017-02-10 23:55:00,1,2.27,3.07,2.75,3.0
596643,德乙,奥厄,575,菲尔特,794,0.0,0.0,0.0,1,1.0,-1.0,5,2017-02-11,2017-02-10 23:55:00,1,2.1,2.95,3.2,3.0
596644,德乙,杜塞尔,781,凯泽,928,1.0,1.0,0.0,1,1.0,-1.0,5,2017-02-11,2017-02-10 23:55:00,1,2.42,2.7,2.9,3.0
574599,法乙,阿雅克,560,瓦朗谢,2331,3.0,2.0,0.0,1,3.0,-1.0,5,2017-02-11,2017-02-10 23:55:00,1,1.98,2.65,4.05,3.0
574603,法乙,阿弗尔,982,布尔格,5066,3.0,0.0,0.0,1,3.0,-1.0,5,2017-02-11,2017-02-10 23:55:00,1,1.65,2.97,5.35,3.0
574606,法乙,尼奥尔,1131,特鲁瓦,1225,3.0,2.0,0.0,1,3.0,-1.0,5,2017-02-11,2017-02-10 23:55:00,1,2.33,2.62,3.15,3.0
574605,法乙,尼姆,1132,图尔,2328,1.0,1.0,0.0,1,1.0,-1.0,5,2017-02-11,2017-02-10 23:55:00,1,1.67,3.2,4.6,3.0
574600,法乙,亚眠,1307,阿雅GF,561,4.0,0.0,0.0,1,3.0,-1.0,5,2017-02-11,2017-02-10 23:55:00,1,1.95,2.72,4.05,3.0
574602,法乙,拉瓦勒,966,圣红星,6597,1.0,1.0,0.0,1,1.0,-1.0,5,2017-02-11,2017-02-10 23:55:00,1,2.05,2.55,4.02,3.0
575953,荷甲,兹沃勒,1353,奈梅亨,353,2.0,0.0,0.0,1,3.0,-1.0,5,2017-02-11,2017-02-10 23:55:00,1,1.62,3.6,4.27,3.0
580032,荷乙,坎布尔,235,福图纳,1303,1.0,1.0,0.0,1,1.0,-1.0,5,2017-02-11,2017-02-10 23:55:00,1,1.15,5.8,11.5,3.0
580038,荷乙,登博思,756,阿尔城,2848,1.0,3.0,0.0,1,0.0,-1.0,5,2017-02-11,2017-02-10 23:55:00,1,2.33,3.7,2.33,3.0
580034,荷乙,埃因FC,1797,奥斯,1172,1.0,2.0,0.0,1,0.0,-1.0,5,2017-02-11,2017-02-10 23:55:00,1,1.3,5.1,6.1,3.0
580039,荷乙,埃门,2426,格拉夫,782,2.0,0.0,0.0,1,3.0,-1.0,5,2017-02-11,2017-02-10 23:55:00,1,2.25,3.25,2.65,3.0
580035,荷乙,布雷达,350,瓦尔韦,385,2.0,3.0,0.0,1,0.0,-1.0,5,2017-02-11,2017-02-10 23:55:00,1,1.29,4.85,6.75,3.0
580037,荷乙,特尔斯,1799,阿喀琉,3753,1.0,1.0,0.0,1,1.0,-1.0,5,2017-02-11,2017-02-10 23:55:00,1,1.33,4.5,6.45,3.0
580036,荷乙,芬洛,435,海尔蒙,1795,7.0,0.0,0.0,1,3.0,-1.0,5,2017-02-11,2017-02-10 23:55:00,1,1.23,5.05,8.45,3.0
596341,德甲,美因茨,1088,奥格斯,1923,2.0,0.0,0.0,1,3.0,-1.0,5,2017-02-11,2017-02-10 23:55:00,1,1.79,3.0,4.22,3.0
577894,英冠,谢周三,1300,伯明翰,701,3.0,0.0,0.0,1,3.0,-1.0,5,2017-02-11,2017-02-10 23:55:00,1,1.58,3.5,4.75,3.0
610609,意甲,那不勒,1125,热那亚,1179,2.0,0.0,0.0,1,3.0,-1.0,5,2017-02-11,2017-02-10 23:55:00,1,1.15,5.95,11.0,3.0
574026,法甲,波尔多,693,日尔曼,647,0.0,3.0,0.0,1,0.0,-1.0,5,2017-02-11,2017-02-10 23:55:00,1,5.65,3.8,1.45,0.0
609776,葡超,本菲卡,678,阿罗卡,5551,3.0,0.0,0.0,1,3.0,-1.0,5,2017-02-11,2017-02-10 23:55:00,1,1.08,6.85,17.5,3.0
632925,智甲,科布雷萨,1905,安托法,3350,3.0,1.0,0.0,1,3.0,-1.0,5,2017-02-11,2017-02-10 23:55:00,1,2.45,3.25,2.42,3.0
628805,墨西联,蒂华纳,6576,拿加沙,1890,1.0,2.0,0.0,1,0.0,-1.0,5,2017-02-11,2017-02-11 10:55:00,1,1.49,3.55,5.65,3.0
581453,澳超,阿德莱,3986,珀斯,3619,0.0,5.0,0.0,1,0.0,-1.0,5,2017-02-10,2017-02-10 16:45:00,1,2.23,3.25,2.68,3.0
634475,巴超联杯,米内罗,1570,若因,6888,2.0,0.0,0.0,1,3.0,-1.0,4,2017-02-10,2017-02-09 23:55:00,1,1.05,7.5,24.0,3.0
634484,解放者杯,勇者,2266,漫游者,2740,4.0,0.0,0.0,1,3.0,-1.0,4,2017-02-10,2017-02-09 23:55:00,1,1.22,5.0,9.1,3.0
634485,解放者杯,奥林匹,3604,德尔瓦,6165,3.0,1.0,0.0,1,3.0,-1.0,4,2017-02-10,2017-02-09 23:55:00,1,1.41,3.75,6.5,3.0
634486,解放者杯,秘鲁大,2777,卡比亚,7063,0.0,3.0,0.0,1,0.0,-1.0,4,2017-02-10,2017-02-09 23:55:00,1,1.89,3.2,3.48,3.0
581452,澳超,悉尼FC,3302,惠灵顿,4577,3.0,1.0,0.0,1,3.0,-1.0,4,2017-02-09,2017-02-09 16:45:00,1,1.26,4.75,8.0,3.0
610548,意甲,克罗托,243,尤文,1330,0.0,2.0,0.0,1,0.0,-1.0,3,2017-02-09,2017-02-08 23:55:00,1,13.0,5.7,1.14,0.0
627075,德国杯,洛特,5440,慕尼黑,1121,2.0,0.0,0.0,1,3.0,-1.0,3,2017-02-09,2017-02-08 23:55:00,1,2.49,3.05,2.5,3.0
627071,德国杯,桑德豪,3716,沙尔克,478,1.0,4.0,0.0,1,0.0,-1.0,3,2017-02-09,2017-02-08 23:55:00,1,4.75,3.6,1.56,0.0
574011,法甲,昂热,597,雷恩,990,0.0,0.0,0.0,1,1.0,-1.0,3,2017-02-09,2017-02-08 23:55:00,1,2.33,2.73,3.0,3.0
574012,法甲,洛里昂,980,图卢兹,1233,1.0,1.0,0.0,1,1.0,-1.0,3,2017-02-09,2017-02-08 23:55:00,1,1.98,3.15,3.26,3.0
574013,法甲,梅斯,1084,第戎,774,2.0,1.0,0.0,1,3.0,-1.0,3,2017-02-09,2017-02-08 23:55:00,1,2.26,2.95,2.87,3.0
574016,法甲,尼斯,1134,埃蒂安,494,1.0,0.0,0.0,1,3.0,-1.0,3,2017-02-09,2017-02-08 23:55:00,1,1.8,3.05,4.08,3.0
574014,法甲,里昂,997,南锡,1130,4.0,0.0,0.0,1,3.0,-1.0,3,2017-02-09,2017-02-08 23:55:00,1,1.22,5.0,9.1,3.0
634231,英足总杯,莱切城,973,德比郡,760,1.0,1.0,0.0,1,1.0,-1.0,3,2017-02-09,2017-02-08 23:55:00,1,1.64,3.4,4.45,3.0
627070,德国杯,多特,786,赫塔,659,1.0,1.0,0.0,1,1.0,-1.0,3,2017-02-09,2017-02-08 23:55:00,1,1.2,5.15,9.8,3.0
610546,意甲,博洛尼,707,AC米兰,210,0.0,1.0,0.0,1,0.0,-1.0,3,2017-02-09,2017-02-08 23:55:00,1,3.68,3.1,1.87,0.0
574017,法甲,马赛,1064,甘冈,813,2.0,0.0,0.0,1,3.0,-1.0,3,2017-02-09,2017-02-08 23:55:00,1,1.46,3.74,5.63,3.0
634463,巴超联杯,巴国际,1582,弗鲁米,1578,1.0,0.0,0.0,1,3.0,-1.0,3,2017-02-09,2017-02-08 23:55:00,1,1.78,3.1,4.1,3.0
634467,巴超联杯,弗拉门,1577,格雷米,1580,2.0,0.0,0.0,1,3.0,-1.0,3,2017-02-09,2017-02-08 23:55:00,1,1.43,3.75,6.1,3.0
630295,巴圣锦,巴红牛,7689,圣安德,2204,1.0,1.0,0.0,1,1.0,-1.0,3,2017-02-09,2017-02-08 23:55:00,1,1.74,3.3,4.0,3.0
631733,解放者杯,科洛科,1814,博塔弗,1568,1.0,1.0,0.0,1,1.0,-1.0,3,2017-02-09,2017-02-08 23:55:00,1,1.42,3.95,5.8,3.0
631732,解放者杯,百万富翁,2835,巴拉竞,1571,1.0,0.0,0.0,1,3.0,-1.0,3,2017-02-09,2017-02-08 23:55:00,1,1.54,3.4,5.4,3.0
631901,日新杯,鹿儿岛联,7282,熊本,5183,1.0,0.0,0.0,1,3.0,-1.0,3,2017-02-08,2017-02-08 09:55:00,1,3.1,2.85,2.2,0.0
631902,日新杯,北九州,6182,磐田,1151,0.0,1.0,0.0,1,0.0,-1.0,3,2017-02-08,2017-02-08 12:55:00,1,5.5,3.75,1.47,0.0
633126,亚冠杯,上海申花,489,布里斯,3618,0.0,2.0,0.0,1,0.0,-1.0,3,2017-02-08,2017-02-08 19:40:00,1,1.72,3.4,3.95,3.0
633125,亚冠杯,瓦赫达,3383,威达特,6747,3.0,0.0,0.0,1,3.0,-1.0,2,2017-02-08,2017-02-07 23:55:00,1,1.34,4.25,6.75,3.0
627076,德国杯,瓦尔多夫,7357,比勒费,682,1.0,1.0,0.0,1,1.0,-1.0,2,2017-02-08,2017-02-07 23:55:00,1,5.0,3.7,1.52,0.0
574015,法甲,蒙彼利,1090,摩纳哥,1105,1.0,2.0,0.0,1,0.0,-1.0,2,2017-02-08,2017-02-07 23:55:00,1,4.8,3.88,1.51,0.0
574020,法甲,卡昂,908,波尔多,693,0.0,4.0,0.0,1,0.0,-1.0,2,2017-02-08,2017-02-07 23:55:00,1,2.45,2.8,2.75,3.0
634539,英锦赛,考文垂,930,韦康比,1252,2.0,1.0,0.0,1,3.0,-1.0,2,2017-02-08,2017-02-07 23:55:00,1,2.14,3.15,2.9,3.0
573250,比甲,华斯兰,2124,亨克,840,0.0,0.0,0.0,1,1.0,-1.0,2,2017-02-08,2017-02-07 23:55:00,1,3.16,3.05,2.06,0.0
577865,英冠,维冈,1258,诺维奇,1144,2.0,2.0,0.0,1,1.0,-1.0,2,2017-02-08,2017-02-07 23:55:00,1,3.02,3.0,2.15,0.0
578385,英甲,米尔顿,2023,奥德汉,630,1.0,0.0,0.0,1,3.0,-1.0,2,2017-02-08,2017-02-07 23:55:00,1,1.55,3.6,4.85,3.0
627069,德国杯,拜仁,664,沃尔夫,1269,1.0,0.0,0.0,1,3.0,-1.0,2,2017-02-08,2017-02-07 23:55:00,1,1.07,7.4,17.0,3.0
627073,德国杯,菲尔特,794,门兴,1089,0.0,2.0,0.0,1,0.0,-1.0,2,2017-02-08,2017-02-07 23:55:00,1,5.35,3.9,1.46,0.0
610597,意甲,罗马,1032,佛罗伦,803,4.0,0.0,0.0,1,3.0,-1.0,2,2017-02-08,2017-02-07 23:55:00,1,1.39,4.15,5.9,3.0
632910,西班牙杯,巴萨,653,马竞技,1046,1.0,1.0,0.0,1,1.0,-1.0,2,2017-02-08,2017-02-07 23:55:00,1,1.41,4.06,5.74,3.0
574018,法甲,日尔曼,647,里尔,998,2.0,1.0,0.0,1,3.0,-1.0,2,2017-02-08,2017-02-07 23:55:00,1,1.11,5.95,16.5,3.0
574591,法乙,阿雅GF,561,兰斯,975,1.0,1.0,0.0,1,1.0,-1.0,2,2017-02-08,2017-02-07 23:55:00,1,2.4,2.56,3.1,3.0
574589,法乙,布尔格,5066,朗斯,979,0.0,0.0,0.0,1,1.0,-1.0,2,2017-02-08,2017-02-07 23:55:00,1,3.1,2.66,2.32,0.0
574597,法乙,特鲁瓦,1225,斯特堡,1194,4.0,0.0,0.0,1,3.0,-1.0,2,2017-02-08,2017-02-07 23:55:00,1,2.5,2.58,2.93,3.0
574595,法乙,索肖,1210,欧塞尔,1146,0.0,1.0,0.0,1,0.0,-1.0,2,2017-02-08,2017-02-07 23:55:00,1,1.72,2.87,5.0,3.0
574592,法乙,尼姆,1132,尼奥尔,1131,3.0,0.0,0.0,1,3.0,-1.0,2,2017-02-08,2017-02-07 23:55:00,1,1.95,2.83,3.8,3.0
574596,法乙,图尔,2328,亚眠,1307,0.0,3.0,0.0,1,0.0,-1.0,2,2017-02-08,2017-02-07 23:55:00,1,2.55,2.62,2.82,3.0
574593,法乙,奥尔良,3958,拉瓦勒,966,2.0,1.0,0.0,1,3.0,-1.0,2,2017-02-08,2017-02-07 23:55:00,1,2.17,2.45,3.85,3.0
631729,解放者杯,巴兰基利,2256,卡拉波,3662,3.0,0.0,0.0,1,3.0,-1.0,2,2017-02-08,2017-02-07 23:55:00,1,1.48,3.6,5.7,3.0
631730,解放者杯,西联合,1883,切洛,2766,2.0,0.0,0.0,1,3.0,-1.0,2,2017-02-08,2017-02-07 23:55:00,1,1.56,3.6,4.75,3.0
628768,墨西联,美洲虎,1902,美洲队,533,2.0,0.0,0.0,1,3.0,-1.0,2,2017-02-08,2017-02-08 09:55:00,1,3.2,3.16,2.0,0.0
633124,亚冠杯,哈萨法,6760,纳萨夫,6172,1.0,0.0,0.0,1,3.0,-1.0,2,2017-02-07,2017-02-07 22:55:00,1,3.38,2.9,2.05,0.0
629387,亚冠杯,武体育,6858,创造者,5197,0.0,0.0,0.0,1,1.0,-1.0,2,2017-02-07,2017-02-07 23:10:00,1,1.89,3.15,3.55,3.0
574594,法乙,圣红星,6597,阿雅克,560,2.0,0.0,0.0,1,3.0,-1.0,1,2017-02-07,2017-02-06 23:55:00,1,2.5,2.5,3.05,3.0
580022,荷乙,阿喀琉,3753,埃因FC,1797,4.0,3.0,0.0,1,3.0,-1.0,1,2017-02-07,2017-02-06 23:55:00,1,6.2,4.3,1.36,0.0
580024,荷乙,阿尔城,2848,埃门,2426,3.0,1.0,0.0,1,3.0,-1.0,1,2017-02-07,2017-02-06 23:55:00,1,1.87,3.65,3.12,3.0
580028,荷乙,奥斯,1172,马斯特,349,0.0,3.0,0.0,1,0.0,-1.0,1,2017-02-07,2017-02-06 23:55:00,1,3.4,3.9,1.73,0.0
580027,荷乙,福伦丹,1273,登博思,756,2.0,1.0,0.0,1,3.0,-1.0,1,2017-02-07,2017-02-06 23:55:00,1,1.28,4.8,7.2,3.0
580030,荷乙,福图纳,1303,阿青年,3053,5.0,2.0,0.0,1,3.0,-1.0,1,2017-02-07,2017-02-06 23:55:00,1,4.95,4.2,1.45,0.0
580025,荷乙,海尔蒙,1795,特尔斯,1799,3.0,4.0,0.0,1,0.0,-1.0,1,2017-02-07,2017-02-06 23:55:00,1,1.54,3.9,4.5,3.0
580026,荷乙,埃青年,5468,芬洛,435,2.0,1.0,0.0,1,3.0,-1.0,1,2017-02-07,2017-02-06 23:55:00,1,3.95,3.6,1.67,0.0
580029,荷乙,布雷达,350,多德勒,785,1.0,0.0,0.0,1,3.0,-1.0,1,2017-02-07,2017-02-06 23:55:00,1,1.24,5.15,7.75,3.0
580023,荷乙,瓦尔韦,385,乌青年,8816,1.0,2.0,0.0,1,0.0,-1.0,1,2017-02-07,2017-02-06 23:55:00,1,1.6,3.95,4.0,3.0
609774,葡超,马里迪,1050,摩雷伦斯,1110,1.0,0.0,0.0,1,3.0,-1.0,1,2017-02-07,2017-02-06 23:55:00,1,1.84,2.92,4.1,3.0
596642,德乙,斯图加,1195,杜塞尔,781,2.0,0.0,0.0,1,3.0,-1.0,1,2017-02-07,2017-02-06 23:55:00,1,1.42,4.05,5.6,3.0
609771,葡超,布拉加,719,埃斯托,1616,1.0,1.0,0.0,1,1.0,-1.0,1,2017-02-07,2017-02-06 23:55:00,1,1.26,4.3,9.7,3.0
631897,日新杯,长崎,6072,横滨FC,3195,1.0,1.0,0.0,1,1.0,-1.0,1,2017-02-06,2017-02-06 09:55:00,1,3.5,3.15,1.9,0.0
631898,日新杯,鹿岛,1029,福冈,808,1.0,0.0,0.0,1,3.0,-1.0,1,2017-02-06,2017-02-06 12:55:00,1,1.3,4.55,7.2,3.0
609768,葡超,阿罗卡,5551,塞图巴,463,2.0,1.0,0.0,1,3.0,-1.0,0,2017-02-06,2017-02-05 23:55:00,1,2.16,2.82,3.21,3.0
609770,葡超,本菲卡,678,葡国民,1099,3.0,0.0,0.0,1,3.0,-1.0,0,2017-02-06,2017-02-06 00:55:00,1,1.08,6.9,17.0,3.0
573306,比甲,韦斯特,1264,圣图尔,502,1.0,0.0,0.0,1,3.0,-1.0,0,2017-02-06,2017-02-06 00:55:00,1,3.1,3.22,2.02,0.0
630277,巴圣锦,帕尔梅,1567,博塔弗,5713,1.0,0.0,0.0,1,3.0,-1.0,0,2017-02-06,2017-02-06 00:55:00,1,1.22,4.65,10.55,3.0
632918,智甲,巴勒人,2032,康塞普西,2823,1.0,2.0,0.0,1,0.0,-1.0,0,2017-02-06,2017-02-06 00:55:00,1,1.51,3.95,4.7,3.0
630275,巴圣锦,庞特普,1586,费罗维,8626,2.0,1.0,0.0,1,3.0,-1.0,0,2017-02-06,2017-02-06 00:55:00,1,1.68,3.4,4.2,3.0
628802,墨西联,瓜达拉,1896,拉古纳,1900,1.0,1.0,0.0,1,1.0,-1.0,0,2017-02-06,2017-02-06 00:55:00,1,1.68,3.3,4.35,3.0
632919,智甲,天主大,1718,基约塔,6127,1.0,0.0,0.0,1,3.0,-1.0,0,2017-02-06,2017-02-06 00:55:00,1,1.36,4.45,5.9,3.0
631899,日新杯,鹿儿岛联,7282,北九州,6182,1.0,1.0,0.0,1,1.0,-1.0,0,2017-02-05,2017-02-05 09:55:00,1,2.33,3.1,2.65,3.0
631900,日新杯,磐田,1151,熊本,5183,1.0,1.0,0.0,1,1.0,-1.0,0,2017-02-05,2017-02-05 12:55:00,1,1.46,3.85,5.4,3.0
578429,英甲,斯文登,510,牛津联,1135,1.0,2.0,0.0,1,0.0,-1.0,0,2017-02-05,2017-02-05 19:55:00,1,3.35,3.15,1.95,0.0
630276,巴圣锦,米拉索,5164,巴红牛,7689,2.0,0.0,0.0,1,3.0,-1.0,0,2017-02-05,2017-02-05 19:55:00,1,2.6,2.9,2.5,3.0
573299,比甲,布鲁日,729,沙勒罗,742,1.0,0.0,0.0,1,3.0,-1.0,0,2017-02-05,2017-02-05 21:25:00,1,1.24,4.75,8.9,3.0
632917,智甲,伊基克,5715,智利大,1907,2.0,0.0,0.0,1,3.0,-1.0,0,2017-02-05,2017-02-05 22:55:00,1,2.34,3.5,2.4,3.0
573304,比甲,列日,691,科特赖,3515,0.0,3.0,0.0,1,0.0,-1.0,6,2017-02-05,2017-02-05 00:55:00,1,1.29,4.5,7.55,3.0
573300,比甲,欧本,2100,华斯兰,2124,0.0,2.0,0.0,1,0.0,-1.0,6,2017-02-05,2017-02-05 00:55:00,1,2.0,3.26,3.1,3.0
573301,比甲,亨克,840,匹卢维,6343,1.0,0.0,0.0,1,3.0,-1.0,6,2017-02-05,2017-02-05 00:55:00,1,1.33,4.35,6.8,3.0
630280,巴圣锦,诺瓦里,8625,圣贝尔,6461,3.0,2.0,0.0,1,3.0,-1.0,6,2017-02-05,2017-02-05 00:55:00,1,1.92,3.2,3.38,3.0
630278,巴圣锦,萨本托,3344,科林蒂,1572,0.0,1.0,0.0,1,0.0,-1.0,6,2017-02-05,2017-02-05 00:55:00,1,4.1,3.25,1.73,0.0
634245,非洲杯,布基纳,73,加纳,60,1.0,0.0,0.0,1,3.0,-1.0,6,2017-02-05,2017-02-05 00:55:00,1,3.3,2.86,2.1,0.0
573303,比甲,奥斯坦,625,梅赫伦,1079,2.0,0.0,0.0,1,3.0,-1.0,6,2017-02-05,2017-02-05 00:55:00,1,1.63,3.6,4.2,3.0
632915,智甲,西联合,1883,科洛科,1814,0.0,3.0,0.0,1,0.0,-1.0,6,2017-02-05,2017-02-05 00:55:00,1,2.41,3.35,2.41,3.0
628797,墨西联,蓝十字,1893,克雷塔,3605,1.0,1.0,0.0,1,1.0,-1.0,6,2017-02-05,2017-02-05 00:55:00,1,1.52,3.65,5.1,3.0
632916,智甲,奥达科斯,2219,科布雷萨,1905,2.0,0.0,0.0,1,3.0,-1.0,6,2017-02-05,2017-02-05 00:55:00,1,1.65,3.7,3.95,3.0
633032,阿超杯,河床,864,拉努斯,963,0.0,3.0,0.0,1,0.0,-1.0,6,2017-02-05,2017-02-05 00:55:00,1,2.38,2.8,2.84,3.0
628799,墨西联,塔格雷,1897,托卢卡,1887,0.0,1.0,0.0,1,0.0,-1.0,6,2017-02-05,2017-02-05 00:55:00,1,1.65,3.4,4.4,3.0
628800,墨西联,莱昂,6945,蒂华纳,6576,2.0,4.0,0.0,1,0.0,-1.0,6,2017-02-05,2017-02-05 00:55:00,1,1.82,3.35,3.55,3.0
628801,墨西联,拿加沙,1890,蒙特雷,1894,1.0,1.0,0.0,1,1.0,-1.0,6,2017-02-05,2017-02-05 10:55:00,1,2.79,3.2,2.19,0.0
581451,澳超,中央海,3616,阿德莱,3986,-1.0,-1.0,0.0,0,-1.0,-1.0,0,2017-02-05,2017-02-05 13:55:00,1,3.85,3.7,1.67,0.0
607045,西甲,塞维利,464,比利亚,683,-1.0,-1.0,0.0,0,-1.0,-1.0,0,2017-02-05,2017-02-05 18:55:00,1,1.38,4.15,6.1,3.0
610601,意甲,AC米兰,210,桑普多,468,-1.0,-1.0,0.0,0,-1.0,-1.0,0,2017-02-05,2017-02-05 19:25:00,1,1.51,3.7,5.1,3.0
575949,荷甲,罗达JC,1030,阿贾克,540,-1.0,-1.0,0.0,0,-1.0,-1.0,0,2017-02-05,2017-02-05 19:25:00,1,9.5,4.9,1.22,0.0
577879,英冠,哈德斯,847,利兹,1015,-1.0,-1.0,0.0,0,-1.0,-1.0,0,2017-02-05,2017-02-05 19:55:00,1,2.04,2.86,3.45,3.0
596637,德乙,德累斯,4654,柏林联,660,-1.0,-1.0,0.0,0,-1.0,-1.0,0,2017-02-05,2017-02-05 20:25:00,1,2.0,3.26,3.1,3.0
596636,德乙,不伦瑞,731,圣保利,495,-1.0,-1.0,0.0,0,-1.0,-1.0,0,2017-02-05,2017-02-05 20:25:00,1,1.53,3.5,5.25,3.0
596635,德乙,波鸿,695,卡尔斯,914,-1.0,-1.0,0.0,0,-1.0,-1.0,0,2017-02-05,2017-02-05 20:25:00,1,1.92,3.1,3.5,3.0
574304,苏超,圣约翰,401,凯尔特,926,-1.0,-1.0,0.0,0,-1.0,-1.0,0,2017-02-05,2017-02-05 20:25:00,1,8.0,4.5,1.28,0.0
572959,英超,曼城,1072,斯旺西,511,-1.0,-1.0,0.0,0,-1.0,-1.0,0,2017-02-05,2017-02-05 21:25:00,1,1.1,6.85,13.5,3.0
575952,荷甲,特温特,1231,费耶诺,801,-1.0,-1.0,0.0,0,-1.0,-1.0,0,2017-02-05,2017-02-05 21:25:00,1,4.9,3.95,1.49,0.0
575950,荷甲,鹿特丹,518,兹沃勒,1353,-1.0,-1.0,0.0,0,-1.0,-1.0,0,2017-02-05,2017-02-05 21:25:00,1,1.92,3.45,3.15,3.0
610604,意甲,切沃,1174,乌迪内,1276,-1.0,-1.0,0.0,0,-1.0,-1.0,0,2017-02-05,2017-02-05 21:55:00,1,2.55,2.65,2.78,3.0
610595,意甲,亚特兰,1308,卡利亚,917,-1.0,-1.0,0.0,0,-1.0,-1.0,0,2017-02-05,2017-02-05 21:55:00,1,1.21,5.15,9.2,3.0
610603,意甲,恩波利,788,都灵,776,-1.0,-1.0,0.0,0,-1.0,-1.0,0,2017-02-05,2017-02-05 21:55:00,1,3.15,3.0,2.09,0.0
610602,意甲,热那亚,1179,萨索洛,3656,-1.0,-1.0,0.0,0,-1.0,-1.0,0,2017-02-05,2017-02-05 21:55:00,1,1.89,3.35,3.32,3.0
610599,意甲,佩斯卡,1156,拉齐奥,964,-1.0,-1.0,0.0,0,-1.0,-1.0,0,2017-02-05,2017-02-05 21:55:00,1,6.2,4.2,1.37,0.0
574010,法甲,图卢兹,1233,昂热,597,-1.0,-1.0,0.0,0,-1.0,-1.0,0,2017-02-05,2017-02-05 21:55:00,1,1.9,2.88,3.9,3.0
596329,德甲,奥格斯,1923,不来梅,1334,-1.0,-1.0,0.0,0,-1.0,-1.0,0,2017-02-05,2017-02-05 22:25:00,1,1.93,3.12,3.45,3.0
577875,英冠,布伦特,1361,布赖顿,721,-1.0,-1.0,0.0,0,-1.0,-1.0,0,2017-02-05,2017-02-05 22:55:00,1,3.0,3.05,2.14,0.0
607041,西甲,希洪,1290,阿拉维,542,-1.0,-1.0,0.0,0,-1.0,-1.0,0,2017-02-05,2017-02-05 23:10:00,1,2.08,2.95,3.25,3.0
575951,荷甲,乌德勒,1275,海伦芬,857,-1.0,-1.0,0.0,0,-1.0,-1.0,0,2017-02-05,2017-02-05 23:40:00,1,1.85,3.45,3.35,3.0
572958,英超,莱切城,973,曼联,1075,-1.0,-1.0,0.0,0,-1.0,-1.0,0,2017-02-05,2017-02-05 23:55:00,1,5.3,3.55,1.52,0.0
574005,法甲,南特,1129,南锡,1130,-1.0,-1.0,0.0,0,-1.0,-1.0,0,2017-02-05,2017-02-05 23:55:00,1,1.9,2.8,4.06,3.0
596333,德甲,法兰克,791,达姆施,1926,-1.0,-1.0,0.0,0,-1.0,-1.0,0,2017-02-05,2017-02-06 00:25:00,1,1.49,3.4,6.1,3.0
610596,意甲,巴勒莫,645,克罗托,243,-1.0,-1.0,0.0,0,-1.0,-1.0,0,2017-02-05,2017-02-06 00:55:00,1,2.03,3.05,3.25,3.0
607044,西甲,社会,885,奥萨苏,622,-1.0,-1.0,0.0,0,-1.0,-1.0,0,2017-02-05,2017-02-06 00:55:00,1,1.23,4.7,9.6,3.0
610598,意甲,尤文,1330,国米,846,-1.0,-1.0,0.0,0,-1.0,-1.0,0,2017-02-05,2017-02-06 00:55:00,1,1.43,3.9,5.75,3.0
574002,法甲,埃蒂安,494,里昂,997,-1.0,-1.0,0.0,0,-1.0,-1.0,0,2017-02-05,2017-02-06 00:55:00,1,3.4,3.1,1.95,0.0
609769,葡超,比兰尼,725,通德拉,6975,-1.0,-1.0,0.0,0,-1.0,-1.0,0,2017-02-05,2017-02-06 00:55:00,1,1.73,3.1,4.4,3.0
631895,日新杯,福冈,808,长崎,6072,4.0,0.0,0.0,1,3.0,-1.0,6,2017-02-04,2017-02-04 09:55:00,1,2.14,3.05,3.0,3.0
631896,日新杯,鹿岛,1029,横滨FC,3195,0.0,1.0,0.0,1,0.0,-1.0,6,2017-02-04,2017-02-04 12:55:00,1,1.22,4.95,9.25,3.0
630279,巴圣锦,圣安德,2204,伊图阿,2197,1.0,1.0,0.0,1,1.0,-1.0,6,2017-02-04,2017-02-04 19:55:00,1,2.41,2.95,2.67,3.0
578436,英甲,布拉德,716,吉灵汉,831,2.0,2.0,0.0,1,1.0,-1.0,6,2017-02-04,2017-02-04 22:55:00,1,1.53,3.6,5.05,3.0
578427,英甲,查尔顿,740,福利特,3842,1.0,1.0,0.0,1,1.0,-1.0,6,2017-02-04,2017-02-04 22:55:00,1,2.22,3.11,2.8,3.0
578435,英甲,考文垂,930,米尔沃,1097,0.0,2.0,0.0,1,0.0,-1.0,6,2017-02-04,2017-02-04 22:55:00,1,3.5,3.2,1.89,0.0
578431,英甲,米尔顿,2023,博尔顿,704,1.0,1.0,0.0,1,1.0,-1.0,6,2017-02-04,2017-02-04 22:55:00,1,2.28,3.15,2.68,3.0
578430,英甲,维尔港,1257,彼得堡,689,0.0,3.0,0.0,1,0.0,-1.0,6,2017-02-04,2017-02-04 22:55:00,1,3.02,3.35,2.0,0.0
578433,英甲,罗奇代,1033,布流浪,1625,0.0,0.0,0.0,1,1.0,-1.0,6,2017-02-04,2017-02-04 22:55:00,1,2.05,3.3,2.95,3.0
578426,英甲,谢菲联,1299,温布尔,1267,4.0,0.0,0.0,1,3.0,-1.0,6,2017-02-04,2017-02-04 22:55:00,1,1.36,4.2,6.5,3.0
578432,英甲,什鲁斯,1618,贝里,232,2.0,1.0,0.0,1,3.0,-1.0,6,2017-02-04,2017-02-04 22:55:00,1,2.18,3.2,2.8,3.0
578428,英甲,沃尔索,1272,北安普,1145,2.0,1.0,0.0,1,3.0,-1.0,6,2017-02-04,2017-02-04 22:55:00,1,2.27,3.3,2.6,3.0
632914,智甲,安托法,3350,伊瓦顿,1904,0.0,2.0,0.0,1,0.0,-1.0,6,2017-02-04,2017-02-04 22:55:00,1,2.15,3.45,2.67,3.0
581448,澳超,惠灵顿,4577,西悉尼,7014,-1.0,-1.0,0.0,0,-1.0,-1.0,6,2017-02-04,2017-02-04 14:30:00,1,2.27,3.3,2.6,3.0
581449,澳超,墨尔本,3615,墨本城,6245,-1.0,-1.0,0.0,0,-1.0,-1.0,6,2017-02-04,2017-02-04 16:45:00,1,2.1,3.45,2.77,3.0
581450,澳超,珀斯,3619,纽喷射,3617,-1.0,-1.0,0.0,0,-1.0,-1.0,6,2017-02-04,2017-02-04 18:55:00,1,1.76,3.7,3.45,3.0
596639,德乙,海登,5315,纽伦堡,1138,-1.0,-1.0,0.0,0,-1.0,-1.0,6,2017-02-04,2017-02-04 19:55:00,1,2.1,3.02,3.1,3.0
596641,德乙,桑德豪,3716,奥厄,575,-1.0,-1.0,0.0,0,-1.0,-1.0,6,2017-02-04,2017-02-04 19:55:00,1,1.83,3.05,3.95,3.0
574302,苏超,马瑟韦,1065,哈茨,855,-1.0,-1.0,0.0,0,-1.0,-1.0,6,2017-02-04,2017-02-04 20:10:00,1,3.52,3.45,1.8,0.0
572954,英超,切尔西,1173,阿森纳,554,-1.0,-1.0,0.0,0,-1.0,-1.0,6,2017-02-04,2017-02-04 20:25:00,1,1.85,3.22,3.6,3.0
574581,法乙,欧塞尔,1146,奥尔良,3958,-1.0,-1.0,0.0,0,-1.0,-1.0,6,2017-02-04,2017-02-04 21:55:00,1,2.3,2.56,3.3,3.0
574582,法乙,布雷斯,1593,索肖,1210,-1.0,-1.0,0.0,0,-1.0,-1.0,6,2017-02-04,2017-02-04 21:55:00,1,2.18,2.55,3.6,3.0
596328,德甲,科隆,932,沃尔夫,1269,-1.0,-1.0,0.0,0,-1.0,-1.0,6,2017-02-04,2017-02-04 22:25:00,1,1.93,3.12,3.45,3.0
596330,德甲,门兴,1089,弗赖堡,804,-1.0,-1.0,0.0,0,-1.0,-1.0,6,2017-02-04,2017-02-04 22:25:00,1,1.6,3.62,4.4,3.0
596331,德甲,拜仁,664,沙尔克,478,-1.0,-1.0,0.0,0,-1.0,-1.0,6,2017-02-04,2017-02-04 22:25:00,1,1.12,6.4,12.5,3.0
596335,德甲,赫塔,659,因戈尔,2918,-1.0,-1.0,0.0,0,-1.0,-1.0,6,2017-02-04,2017-02-04 22:25:00,1,1.91,2.92,3.8,3.0
596336,德甲,霍芬,1869,美因茨,1088,-1.0,-1.0,0.0,0,-1.0,-1.0,6,2017-02-04,2017-02-04 22:25:00,1,1.7,3.55,3.85,3.0
572955,英超,水晶宫,516,桑德兰,466,-1.0,-1.0,0.0,0,-1.0,-1.0,6,2017-02-04,2017-02-04 22:55:00,1,1.53,3.6,5.1,3.0
572956,英超,埃弗顿,565,伯恩茅,667,-1.0,-1.0,0.0,0,-1.0,-1.0,6,2017-02-04,2017-02-04 22:55:00,1,1.6,3.62,4.4,3.0
572957,英超,赫尔城,872,利物浦,1011,-1.0,-1.0,0.0,0,-1.0,-1.0,6,2017-02-04,2017-02-04 22:55:00,1,7.0,4.4,1.32,0.0
572960,英超,南安普,1128,西汉姆,1286,-1.0,-1.0,0.0,0,-1.0,-1.0,6,2017-02-04,2017-02-04 22:55:00,1,1.58,3.55,4.7,3.0
572962,英超,沃特福,1274,伯恩利,700,-1.0,-1.0,0.0,0,-1.0,-1.0,6,2017-02-04,2017-02-04 22:55:00,1,1.93,3.05,3.55,3.0
572963,英超,西布罗,1284,斯托克,1197,-1.0,-1.0,0.0,0,-1.0,-1.0,6,2017-02-04,2017-02-04 22:55:00,1,2.16,2.92,3.1,3.0
577881,英冠,伯明翰,701,富勒姆,811,-1.0,-1.0,0.0,0,-1.0,-1.0,6,2017-02-04,2017-02-04 22:55:00,1,3.3,3.28,1.92,0.0
577877,英冠,布莱克,723,巡游者,954,-1.0,-1.0,0.0,0,-1.0,-1.0,6,2017-02-04,2017-02-04 22:55:00,1,2.12,3.1,3.0,3.0
577876,英冠,布里斯,728,罗瑟汉,1037,-1.0,-1.0,0.0,0,-1.0,-1.0,6,2017-02-04,2017-02-04 22:55:00,1,1.46,4.0,5.2,3.0
577883,英冠,纽卡,1137,德比郡,760,-1.0,-1.0,0.0,0,-1.0,-1.0,6,2017-02-04,2017-02-04 22:55:00,1,1.61,3.45,4.6,3.0
574299,苏超,阿伯丁,527,帕尔蒂,1148,-1.0,-1.0,0.0,0,-1.0,-1.0,6,2017-02-04,2017-02-04 22:55:00,1,1.43,3.8,6.0,3.0
574303,苏超,流浪者,827,罗斯郡,1719,-1.0,-1.0,0.0,0,-1.0,-1.0,6,2017-02-04,2017-02-04 22:55:00,1,1.36,4.2,6.5,3.0
574300,苏超,哈密尔,1916,基马诺,888,-1.0,-1.0,0.0,0,-1.0,-1.0,6,2017-02-04,2017-02-04 22:55:00,1,2.07,3.1,3.1,3.0
574301,苏超,伊凡尼,1363,邓迪,784,-1.0,-1.0,0.0,0,-1.0,-1.0,6,2017-02-04,2017-02-04 22:55:00,1,2.02,3.12,3.2,3.0
574001,法甲,摩纳哥,1105,尼斯,1134,-1.0,-1.0,0.0,0,-1.0,-1.0,6,2017-02-04,2017-02-04 23:55:00,1,1.45,3.9,5.5,3.0
609767,葡超,查维斯,239,博维斯,709,-1.0,-1.0,0.0,0,-1.0,-1.0,6,2017-02-04,2017-02-04 23:55:00,1,2.08,2.79,3.45,3.0
572961,英超,热刺,1238,米德尔,1095,-1.0,-1.0,0.0,0,-1.0,-1.0,6,2017-02-04,2017-02-05 00:55:00,1,1.16,5.5,12.0,3.0
596332,德甲,多特,786,莱比锡,970,-1.0,-1.0,0.0,0,-1.0,-1.0,6,2017-02-04,2017-02-05 00:55:00,1,1.54,3.85,4.55,3.0
607037,西甲,马竞技,1046,莱加内,971,-1.0,-1.0,0.0,0,-1.0,-1.0,6,2017-02-04,2017-02-05 00:55:00,1,1.2,4.8,12.0,3.0
575945,荷甲,奈梅亨,353,前进鹰,1796,-1.0,-1.0,0.0,0,-1.0,-1.0,6,2017-02-04,2017-02-05 00:55:00,1,1.85,3.3,3.5,3.0
575946,荷甲,阿尔克,224,埃因霍,378,-1.0,-1.0,0.0,0,-1.0,-1.0,6,2017-02-04,2017-02-05 00:55:00,1,3.9,3.7,1.66,0.0
575947,荷甲,威廉,1248,赫拉克,296,-1.0,-1.0,0.0,0,-1.0,-1.0,6,2017-02-04,2017-02-05 00:55:00,1,1.8,3.35,3.65,3.0
574003,法甲,第戎,774,日尔曼,647,-1.0,-1.0,0.0,0,-1.0,-1.0,6,2017-02-04,2017-02-05 00:55:00,1,9.1,4.85,1.23,0.0
574007,法甲,甘冈,813,卡昂,908,-1.0,-1.0,0.0,0,-1.0,-1.0,6,2017-02-04,2017-02-05 00:55:00,1,1.8,3.2,3.85,3.0
574006,法甲,波尔多,693,雷恩,990,-1.0,-1.0,0.0,0,-1.0,-1.0,6,2017-02-04,2017-02-05 00:55:00,1,1.78,3.0,4.3,3.0
574009,法甲,蒙彼利,1090,巴斯蒂,655,-1.0,-1.0,0.0,0,-1.0,-1.0,6,2017-02-04,2017-02-05 00:55:00,1,1.65,3.22,4.7,3.0
574008,法甲,里尔,998,洛里昂,980,-1.0,-1.0,0.0,0,-1.0,-1.0,6,2017-02-04,2017-02-05 00:55:00,1,1.62,3.35,4.7,3.0
610600,意甲,博洛尼,707,那不勒,1125,-1.0,-1.0,0.0,0,-1.0,-1.0,6,2017-02-04,2017-02-05 00:55:00,1,6.5,4.2,1.36,0.0
607046,西甲,巴伦西,1243,埃瓦尔,562,-1.0,-1.0,0.0,0,-1.0,-1.0,6,2017-02-04,2017-02-05 00:55:00,1,1.84,3.35,3.5,3.0
575948,荷甲,格罗宁,834,精英,393,-1.0,-1.0,0.0,0,-1.0,-1.0,6,2017-02-04,2017-02-05 00:55:00,1,1.42,4.1,5.5,3.0
609775,葡超,波尔图,694,里斯本,1000,-1.0,-1.0,0.0,0,-1.0,-1.0,6,2017-02-04,2017-02-05 00:55:00,1,1.75,3.2,4.1,3.0
581447,澳超,布里斯,3618,悉尼FC,3302,-1.0,-1.0,0.0,0,-1.0,-1.0,5,2017-02-03,2017-02-03 16:45:00,1,3.0,3.02,2.15,0.0
596640,德乙,凯泽,928,维尔茨,7389,-1.0,-1.0,0.0,0,-1.0,-1.0,5,2017-02-03,2017-02-03 23:55:00,1,2.22,2.7,3.25,3.0
596634,德乙,比勒费,682,慕尼黑,1121,-1.0,-1.0,0.0,0,-1.0,-1.0,5,2017-02-03,2017-02-03 23:55:00,1,2.07,3.0,3.2,3.0
596638,德乙,菲尔特,794,汉诺威,862,-1.0,-1.0,0.0,0,-1.0,-1.0,5,2017-02-03,2017-02-03 23:55:00,1,3.85,3.35,1.75,0.0
574579,法乙,阿雅克,560,克莱蒙,944,-1.0,-1.0,0.0,0,-1.0,-1.0,5,2017-02-03,2017-02-03 23:55:00,1,2.15,2.67,3.45,3.0
574584,法乙,阿弗尔,982,圣红星,6597,-1.0,-1.0,0.0,0,-1.0,-1.0,5,2017-02-03,2017-02-03 23:55:00,1,1.75,2.75,5.15,3.0
574586,法乙,尼奥尔,1131,布尔格,5066,-1.0,-1.0,0.0,0,-1.0,-1.0,5,2017-02-03,2017-02-03 23:55:00,1,1.98,2.67,4.0,3.0
574588,法乙,斯特堡,1194,阿雅GF,561,-1.0,-1.0,0.0,0,-1.0,-1.0,5,2017-02-03,2017-02-03 23:55:00,1,2.1,2.62,3.7,3.0
574585,法乙,朗斯,979,特鲁瓦,1225,-1.0,-1.0,0.0,0,-1.0,-1.0,5,2017-02-03,2017-02-03 23:55:00,1,1.83,2.82,4.4,3.0
574580,法乙,亚眠,1307,尼姆,1132,-1.0,-1.0,0.0,0,-1.0,-1.0,5,2017-02-03,2017-02-03 23:55:00,1,1.92,2.85,3.9,3.0
574583,法乙,拉瓦勒,966,瓦朗谢,2331,-1.0,-1.0,0.0,0,-1.0,-1.0,5,2017-02-03,2017-02-03 23:55:00,1,2.2,2.54,3.55,3.0
574587,法乙,兰斯,975,图尔,2328,-1.0,-1.0,0.0,0,-1.0,-1.0,5,2017-02-03,2017-02-03 23:55:00,1,1.48,3.25,6.85,3.0
575944,荷甲,海牙,211,维迪斯,1255,-1.0,-1.0,0.0,0,-1.0,-1.0,5,2017-02-03,2017-02-03 23:55:00,1,3.92,3.45,1.71,0.0
580013,荷乙,坎布尔,235,海尔蒙,1795,-1.0,-1.0,0.0,0,-1.0,-1.0,5,2017-02-03,2017-02-03 23:55:00,1,1.37,4.2,6.2,3.0
580012,荷乙,登博思,756,布雷达,350,-1.0,-1.0,0.0,0,-1.0,-1.0,5,2017-02-03,2017-02-03 23:55:00,1,2.96,3.4,2.01,0.0
580015,荷乙,多德勒,785,福图纳,1303,-1.0,-1.0,0.0,0,-1.0,-1.0,5,2017-02-03,2017-02-03 23:55:00,1,1.85,3.45,3.35,3.0
580019,荷乙,埃因FC,1797,阿尔城,2848,-1.0,-1.0,0.0,0,-1.0,-1.0,5,2017-02-03,2017-02-03 23:55:00,1,1.9,3.7,3.0,3.0
580016,荷乙,埃门,2426,福伦丹,1273,-1.0,-1.0,0.0,0,-1.0,-1.0,5,2017-02-03,2017-02-03 23:55:00,1,3.1,3.4,1.95,0.0
580014,荷乙,阿青年,3053,瓦尔韦,385,-1.0,-1.0,0.0,0,-1.0,-1.0,5,2017-02-03,2017-02-03 23:55:00,1,1.38,4.45,5.55,3.0
580020,荷乙,特尔斯,1799,奥斯,1172,-1.0,-1.0,0.0,0,-1.0,-1.0,5,2017-02-03,2017-02-03 23:55:00,1,2.25,3.52,2.5,3.0
580021,荷乙,芬洛,435,格拉夫,782,-1.0,-1.0,0.0,0,-1.0,-1.0,5,2017-02-03,2017-02-03 23:55:00,1,1.27,4.65,7.9,3.0
573302,比甲,洛克伦,1042,安德莱,590,-1.0,-1.0,0.0,0,-1.0,-1.0,5,2017-02-03,2017-02-03 23:55:00,1,4.6,3.7,1.56,0.0
577882,英冠,维冈,1258,谢周三,1300,-1.0,-1.0,0.0,0,-1.0,-1.0,5,2017-02-03,2017-02-03 23:55:00,1,2.86,2.9,2.3,0.0
607040,西甲,拉科鲁,959,贝蒂斯,673,-1.0,-1.0,0.0,0,-1.0,-1.0,5,2017-02-03,2017-02-03 23:55:00,1,1.86,3.05,3.8,3.0
574004,法甲,梅斯,1084,马赛,1064,-1.0,-1.0,0.0,0,-1.0,-1.0,5,2017-02-03,2017-02-03 23:55:00,1,4.3,3.35,1.67,0.0
609773,葡超,费雷拉,796,吉马良,893,-1.0,-1.0,0.0,0,-1.0,-1.0,5,2017-02-03,2017-02-03 23:55:00,1,3.4,2.9,2.04,0.0
630273,巴圣锦,桑托斯,472,林斯,6460,-1.0,-1.0,0.0,0,-1.0,-1.0,5,2017-02-03,2017-02-03 23:55:00,1,1.18,4.95,12.5,3.0
628804,墨西联,普埃布,1899,阿特拉,1891,-1.0,-1.0,0.0,0,-1.0,-1.0,5,2017-02-03,2017-02-04 09:25:00,1,2.45,3.0,2.58,3.0
628796,墨西联,韦拉克鲁,1885,美洲虎,1902,-1.0,-1.0,0.0,0,-1.0,-1.0,5,2017-02-03,2017-02-04 11:25:00,1,2.2,3.01,2.92,3.0
596632,德乙,柏林联,660,波鸿,695,2.0,1.0,0.0,1,3.0,-1.0,5,2017-01-28,2017-01-28 01:29,1,1.76,3.45,3.68,3.0
596626,德乙,杜塞尔,781,桑德豪,3716,0.0,3.0,0.0,1,0.0,-1.0,5,2017-01-28,2017-01-28 01:29,1,2.15,2.93,3.1,3.0
596629,德乙,慕尼黑,1121,菲尔特,794,2.0,1.0,0.0,1,3.0,-1.0,5,2017-01-28,2017-01-28 01:29,1,2.02,3.12,3.2,3.0
574572,法乙,阿雅GF,561,拉瓦勒,966,1.0,1.0,0.0,1,1.0,-1.0,5,2017-01-28,2017-01-28 02:59,1,1.82,2.72,4.7,3.0
574571,法乙,克莱蒙,944,欧塞尔,1146,0.0,1.0,0.0,1,0.0,-1.0,5,2017-01-28,2017-01-28 02:59,1,1.86,2.78,4.3,3.0
574577,法乙,特鲁瓦,1225,阿弗尔,982,2.0,1.0,0.0,1,3.0,-1.0,5,2017-01-28,2017-01-28 02:59,1,2.15,2.67,3.45,3.0
574576,法乙,图尔,2328,尼奥尔,1131,0.0,0.0,0.0,1,1.0,-1.0,5,2017-01-28,2017-01-28 02:59,1,2.23,2.72,3.2,3.0
575935,荷甲,威廉,1248,鹿特丹,518,3.0,2.0,0.0,1,3.0,-1.0,5,2017-01-28,2017-01-28 02:59,1,1.87,3.25,3.5,3.0
580005,荷乙,阿喀琉,3753,海尔蒙,1795,1.0,2.0,0.0,1,0.0,-1.0,5,2017-01-28,2017-01-28 02:59,1,4.6,3.8,1.54,0.0
580006,荷乙,阿尔城,2848,福图纳,1303,2.0,0.0,0.0,1,3.0,-1.0,5,2017-01-28,2017-01-28 02:59,1,1.36,4.42,5.95,3.0
580002,荷乙,埃因FC,1797,瓦尔韦,385,3.0,0.0,0.0,1,3.0,-1.0,5,2017-01-28,2017-01-28 02:59,1,1.64,3.8,3.9,3.0
580008,荷乙,埃门,2426,埃青年,5468,1.0,1.0,0.0,1,1.0,-1.0,5,2017-01-28,2017-01-28 02:59,1,1.8,3.45,3.55,3.0
580004,荷乙,奥斯,1172,芬洛,435,0.0,3.0,0.0,1,0.0,-1.0,5,2017-01-28,2017-01-28 02:59,1,4.23,4.1,1.54,0.0
580003,荷乙,马斯特,349,布雷达,350,1.0,1.0,0.0,1,1.0,-1.0,5,2017-01-28,2017-01-28 02:59,1,1.92,3.45,3.15,3.0
580009,荷乙,特尔斯,1799,福伦丹,1273,0.0,1.0,0.0,1,0.0,-1.0,5,2017-01-28,2017-01-28 02:59,1,4.48,3.72,1.57,0.0
596325,德甲,沙尔克,478,法兰克,791,0.0,1.0,0.0,1,0.0,-1.0,5,2017-01-28,2017-01-28 03:29,1,1.68,3.2,4.51,3.0
573292,比甲,沙勒罗,742,聚尔特,436,2.0,1.0,0.0,1,3.0,-1.0,5,2017-01-28,2017-01-28 03:29,1,2.21,3.25,2.71,3.0
607034,西甲,奥萨苏,622,马拉加,1056,1.0,1.0,0.0,1,1.0,-1.0,5,2017-01-28,2017-01-28 03:44,1,3.0,3.0,2.16,0.0
573996,法甲,马赛,1064,蒙彼利,1090,5.0,1.0,0.0,1,3.0,-1.0,5,2017-01-28,2017-01-28 03:44,1,1.6,3.35,4.85,3.0
574287,苏超,阿伯丁,527,邓迪,784,3.0,0.0,0.0,1,3.0,-1.0,5,2017-01-28,2017-01-28 03:44,1,1.26,4.65,8.25,3.0
609759,葡超,博维斯,709,比兰尼,725,0.0,1.0,0.0,1,0.0,-1.0,5,2017-01-28,2017-01-28 04:29,1,2.13,2.8,3.3,3.0
628787,墨西联,蒂华纳,6576,蓝十字,1893,1.0,0.0,0.0,1,3.0,-1.0,5,2017-01-28,2017-01-28 10:59,1,2.18,3.1,2.88,3.0
581443,澳超,纽喷射,3617,墨本城,6245,2.0,1.0,0.0,1,3.0,-1.0,5,2017-01-27,2017-01-27 16:49,1,3.95,3.8,1.63,0.0
573284,比甲,欧本,2100,列日,691,2.0,2.0,0.0,1,1.0,-1.0,4,2017-01-27,2017-01-26 23:55:00,1,3.92,3.45,1.71,0.0
628194,英联杯,赫尔城,872,曼联,1075,2.0,1.0,0.0,1,3.0,-1.0,4,2017-01-27,2017-01-26 23:55:00,1,7.3,4.25,1.32,0.0
629635,荷杯,维迪斯,1255,费耶诺,801,2.0,0.0,0.0,1,3.0,-1.0,4,2017-01-27,2017-01-26 23:55:00,1,4.05,3.72,1.63,0.0
631683,西班牙杯,巴萨,653,社会,885,5.0,2.0,0.0,1,3.0,-1.0,4,2017-01-27,2017-01-26 23:55:00,1,1.12,6.45,12.25,3.0
631822,葡联杯,摩雷伦斯,1110,本菲卡,678,3.0,1.0,0.0,1,3.0,-1.0,4,2017-01-27,2017-01-26 23:55:00,1,13.0,5.7,1.14,0.0
632907,球会友谊,米美洲,6212,塞阿拉,2407,0.0,0.0,0.0,1,1.0,-1.0,4,2017-01-27,2017-01-26 23:55:00,1,2.15,2.75,3.33,3.0
631716,阿夏赛,图库曼,5361,竞技,558,1.0,1.0,0.0,1,1.0,-1.0,4,2017-01-27,2017-01-26 23:55:00,1,3.32,2.85,2.1,0.0
581442,澳超,墨尔本,3615,悉尼FC,3302,1.0,2.0,0.0,1,0.0,-1.0,4,2017-01-26,2017-01-26 16:45:00,1,2.33,3.0,2.73,3.0
632715,日泰杯,曼谷联,7801,鹿岛,1029,4.0,3.0,0.0,1,3.0,-1.0,4,2017-01-26,2017-01-26 16:55:00,1,6.0,4.3,1.37,0.0
632716,日泰杯,尚卡汶,7796,横滨,870,0.0,4.0,0.0,1,0.0,-1.0,4,2017-01-26,2017-01-26 19:55:00,1,6.0,4.3,1.37,0.0
629634,荷杯,乌德勒,1275,坎布尔,235,2.0,2.0,0.0,1,1.0,-1.0,3,2017-01-26,2017-01-25 23:55:00,1,1.28,4.8,7.15,3.0
631681,西班牙杯,埃瓦尔,562,马竞技,1046,2.0,2.0,0.0,1,1.0,-1.0,3,2017-01-26,2017-01-25 23:55:00,1,4.5,3.4,1.63,0.0
627926,非洲杯,乌干达,107,马里,83,1.0,1.0,0.0,1,1.0,-1.0,3,2017-01-26,2017-01-25 23:55:00,1,5.85,3.25,1.54,0.0
573283,比甲,布鲁日,729,华斯兰,2124,2.0,1.0,0.0,1,3.0,-1.0,3,2017-01-26,2017-01-25 23:55:00,1,1.08,6.9,17.0,3.0
573290,比甲,韦斯特,1264,安德莱,590,2.0,4.0,0.0,1,0.0,-1.0,3,2017-01-26,2017-01-25 23:55:00,1,7.5,4.65,1.28,0.0
573286,比甲,洛克伦,1042,根特,839,0.0,0.0,0.0,1,1.0,-1.0,3,2017-01-26,2017-01-25 23:55:00,1,3.85,3.05,1.85,0.0
573288,比甲,圣图尔,502,梅赫伦,1079,2.0,1.0,0.0,1,3.0,-1.0,3,2017-01-26,2017-01-25 23:55:00,1,1.95,3.18,3.32,3.0
577856,英冠,利兹,1015,诺丁汉,1142,2.0,0.0,0.0,1,3.0,-1.0,3,2017-01-26,2017-01-25 23:55:00,1,1.44,3.85,5.7,3.0
632468,意杯,尤文,1330,AC米兰,210,2.0,1.0,0.0,1,3.0,-1.0,3,2017-01-26,2017-01-25 23:55:00,1,1.31,4.2,7.8,3.0
629637,荷杯,阿尔克,224,海伦芬,857,1.0,0.0,0.0,1,3.0,-1.0,3,2017-01-26,2017-01-25 23:55:00,1,1.72,3.7,3.6,3.0
574246,苏超,凯尔特,926,圣约翰,401,1.0,0.0,0.0,1,3.0,-1.0,3,2017-01-26,2017-01-25 23:55:00,1,1.11,6.6,13.0,3.0
632796,苏足总杯,哈茨,855,拉茨流,1917,1.0,1.0,0.0,1,1.0,-1.0,3,2017-01-26,2017-01-25 23:55:00,1,1.18,5.5,10.0,3.0
628195,英联杯,利物浦,1011,南安普,1128,0.0,1.0,0.0,1,0.0,-1.0,3,2017-01-26,2017-01-25 23:55:00,1,1.32,4.25,7.3,3.0
631636,法联杯,摩纳哥,1105,南锡,1130,1.0,0.0,0.0,1,3.0,-1.0,3,2017-01-26,2017-01-25 23:55:00,1,1.2,5.2,9.6,3.0
631682,西班牙杯,塞尔塔,457,皇马,883,2.0,2.0,0.0,1,1.0,-1.0,3,2017-01-26,2017-01-25 23:55:00,1,5.5,4.4,1.39,0.0
631823,葡联杯,塞图巴,463,布拉加,719,0.0,3.0,0.0,1,0.0,-1.0,3,2017-01-26,2017-01-25 23:55:00,1,3.7,3.0,1.91,0.0
632835,球会友谊,费古埃,1576,隆迪那,2242,0.0,1.0,0.0,1,0.0,-1.0,3,2017-01-26,2017-01-25 23:55:00,1,1.75,3.08,4.28,3.0
629633,友谊赛,巴西,11,哥伦比,6,1.0,0.0,0.0,1,3.0,-1.0,3,2017-01-26,2017-01-25 23:55:00,1,1.66,3.4,4.3,3.0
631595,墨西杯,美洲虎,1902,拿加沙,1890,1.0,1.0,0.0,1,1.0,-1.0,3,2017-01-26,2017-01-25 23:55:00,1,2.44,2.92,2.65,3.0
631619,墨西杯,萨卡特,7214,莱昂,6945,1.0,3.0,0.0,1,0.0,-1.0,3,2017-01-26,2017-01-25 23:55:00,1,3.25,3.25,1.95,0.0
631607,墨西杯,英迪欧斯,5342,蒙特雷,1894,0.0,1.0,0.0,1,0.0,-1.0,3,2017-01-26,2017-01-26 10:25:00,1,3.85,3.55,1.7,0.0
631589,墨西杯,普埃布,1899,阿特拉,1891,1.0,0.0,0.0,1,3.0,-1.0,3,2017-01-26,2017-01-26 10:55:00,1,2.3,2.95,2.82,3.0
631843,日新杯,札幌,4126,千叶,842,0.0,0.0,0.0,1,1.0,-1.0,3,2017-01-25,2017-01-25 11:55:00,1,1.84,3.2,3.66,3.0
629382,亚冠杯,杰志,4762,TT河内,7269,1.0,1.0,0.0,1,1.0,-1.0,3,2017-01-25,2017-01-25 19:55:00,1,1.72,3.45,3.9,3.0
631680,西班牙杯,阿拉维,542,阿尔科,5965,0.0,0.0,0.0,1,1.0,-1.0,2,2017-01-25,2017-01-24 23:55:00,1,1.7,3.1,4.6,3.0
627920,非洲杯,摩洛哥,38,科特迪,59,1.0,0.0,0.0,1,3.0,-1.0,2,2017-01-25,2017-01-24 23:55:00,1,3.85,2.75,1.98,0.0
627921,非洲杯,多哥,76,民刚果,68,1.0,3.0,0.0,1,0.0,-1.0,2,2017-01-25,2017-01-24 23:55:00,1,4.12,2.82,1.88,0.0
573285,比甲,亨克,840,科特赖,3515,3.0,0.0,0.0,1,3.0,-1.0,2,2017-01-25,2017-01-24 23:55:00,1,1.29,4.5,7.6,3.0
573287,比甲,奥斯坦,625,沙勒罗,742,1.0,2.0,0.0,1,0.0,-1.0,2,2017-01-25,2017-01-24 23:55:00,1,1.62,3.45,4.5,3.0
573289,比甲,聚尔特,436,匹卢维,6343,1.0,0.0,0.0,1,3.0,-1.0,2,2017-01-25,2017-01-24 23:55:00,1,1.31,4.3,7.5,3.0
578379,英甲,谢菲联,1299,福利特,3842,0.0,2.0,0.0,1,0.0,-1.0,2,2017-01-25,2017-01-24 23:55:00,1,1.32,4.3,7.2,3.0
578378,英甲,吉灵汉,831,温布尔,1267,-1.0,-1.0,0.0,1,-1.0,-1.0,2,2017-01-25,2017-01-24 23:55:00,1,2.25,3.25,2.65,3.0
632465,英锦赛,卢顿,1020,约维尔,1312,-1.0,-1.0,0.0,1,-1.0,-1.0,2,2017-01-25,2017-01-24 23:55:00,1,1.8,3.4,3.6,3.0
632464,英锦赛,曼斯菲,1076,韦康比,1252,1.0,2.0,0.0,1,0.0,-1.0,2,2017-01-25,2017-01-24 23:55:00,1,2.4,2.82,2.8,3.0
632466,英锦赛,牛津联,1135,布拉德,716,-1.0,-1.0,0.0,1,-1.0,-1.0,2,2017-01-25,2017-01-24 23:55:00,1,2.43,3.0,2.6,3.0
632467,意杯,那不勒,1125,佛罗伦,803,1.0,0.0,0.0,1,3.0,-1.0,2,2017-01-25,2017-01-24 23:55:00,1,1.37,4.25,6.1,3.0
631637,法联杯,波尔多,693,日尔曼,647,1.0,4.0,0.0,1,0.0,-1.0,2,2017-01-25,2017-01-24 23:55:00,1,6.75,3.9,1.38,0.0
632756,球会友谊,弗鲁米,1578,克里西,1574,3.0,2.0,0.0,1,3.0,-1.0,2,2017-01-25,2017-01-24 23:55:00,1,1.48,3.65,5.55,3.0
631583,墨西杯,拉古纳,1900,特彼斯,7486,1.0,2.0,0.0,1,0.0,-1.0,2,2017-01-25,2017-01-24 23:55:00,1,1.4,3.95,6.2,3.0
631613,墨西杯,韦拉克鲁,1885,塞拉亚,6962,1.0,1.0,0.0,1,1.0,-1.0,2,2017-01-25,2017-01-24 23:55:00,1,1.65,3.55,4.15,3.0
631577,墨西杯,蓝十字,1893,奥哈卡,7216,1.0,1.0,0.0,1,1.0,-1.0,2,2017-01-25,2017-01-25 10:55:00,1,1.33,4.3,7.0,3.0
631601,墨西杯,瓜达拉,1896,亚特兰,1886,1.0,1.0,0.0,1,1.0,-1.0,2,2017-01-25,2017-01-25 10:55:00,1,1.51,3.65,5.2,3.0
632713,日泰杯,尚卡汶,7796,鹿岛,1029,2.0,4.0,0.0,1,0.0,-1.0,2,2017-01-24,2017-01-24 16:55:00,1,9.7,5.4,1.19,0.0
632714,日泰杯,曼谷联,7801,横滨,870,2.0,3.0,0.0,1,0.0,-1.0,2,2017-01-24,2017-01-24 19:55:00,1,3.25,3.32,1.92,0.0
580000,荷乙,阿贾克斯青年队,3053,阿尔梅勒城,2848,-1.0,-1.0,0.0,1,-1.0,-1.0,1,2017-01-24,2017-01-23 23:55:00,1,1.66,4.0,3.62,3.0
627914,非洲杯,津巴布,58,突尼斯,40,2.0,4.0,0.0,1,0.0,-1.0,1,2017-01-24,2017-01-23 23:55:00,1,4.75,2.88,1.75,0.0
574561,法乙,布雷斯,1593,圣红星,6597,0.0,1.0,0.0,1,0.0,-1.0,1,2017-01-24,2017-01-23 23:55:00,1,1.61,3.1,5.4,3.0
609754,葡超,查维斯,239,葡国民,1099,2.0,0.0,0.0,1,3.0,-1.0,1,2017-01-24,2017-01-23 23:55:00,1,1.83,3.0,4.0,3.0
631718,解放者杯,苏克雷,3663,漫游者,2740,3.0,2.0,0.0,1,3.0,-1.0,1,2017-01-24,2017-01-23 23:55:00,1,2.28,2.92,2.88,3.0
631719,解放者杯,卡比亚,7063,塔奇拉,2269,1.0,0.0,0.0,1,3.0,-1.0,1,2017-01-24,2017-01-23 23:55:00,1,1.71,3.25,4.25,3.0
631720,解放者杯,慕尼斯,4011,德尔瓦,6165,0.0,1.0,0.0,1,0.0,-1.0,1,2017-01-24,2017-01-23 23:55:00,1,2.5,2.93,2.58,3.0
631715,阿夏赛,阿独立,1322,竞技,558,0.0,3.0,0.0,1,0.0,-1.0,1,2017-01-24,2017-01-23 23:55:00,1,2.43,2.88,2.7,3.0
