ar,date,lat 的平均,lng,mday.2.1,mday.2.2,out,sarea,sno
八德街24號(對面),20200418,25.22365,121.63469,15,1316,26,金山區,1685
三爪子坑路115號(對面汽車停車格),20200418,25.10712,121.81041,15,1327,44,瑞芳區,1394
三民街/中華路,20200418,25.064447,121.48371,15,1339,33,三重區,1094
三民街101號(忠孝三路側人行道),20200418,25.07016,121.35995,15,1344,26,林口區,1658
三民路/中正路口,20200418,25.091637,121.464031,15,1333,24,蘆洲區,1095
三民路105號(鄰近湧蓮寺/紫禁城博物館),20200418,25.085815,121.472722,15,1326,61,蘆洲區,1033
三民路14號至三民路18號,20200418,24.972127,121.539554,15,1323,31,新店區,1045
三民路159巷/三民路108號(對面人行道),20200418,24.974181,121.534209,15,1321,31,新店區,1046
三民路36號-42-1號前機車格,20200418,24.971496,121.536296,15,1338,27,新店區,1064
三民路615號對面人行道(鄰近大台北都會公園),20200418,25.094306,121.460134,15,1317,11,蘆洲區,1130
三民路8號前(鄰近紫禁城博物館),20200418,25.082229,121.476004,15,1333,35,蘆洲區,1178
三民路二段35巷口,20200418,25.017953,121.479375,15,1320,24,板橋區,1192
三多路123號(前),20200418,25.00801,121.41481,15,1338,19,樹林區,1640
三和路四段95號至97號對面(捷運三和國中站1號出口),20200418,25.075881,121.487795,15,1330,40,三重區,1080
三信路1號旁,20200418,25.087225,121.489525,15,1325,22,三重區,1049
三重區力行路/大勇街口(路側),20200418,25.071928,121.481508,15,1320,17,三重區,1337
三重區三賢街203號(對面汽車格)(鄰近蘆洲兒童親子分館),20200418,25.086448,121.485599,15,1344,20,三重區,1334
三重區中興北街175巷10號對面(路側),20200418,25.05597,121.471327,15,1319,19,三重區,1306
三重區五華街7巷(對面公園人行道),20200418,25.080648,121.496149,15,1318,16,三重區,1335
三重區仁和街205號(斜對面公園人行道),20200418,25.074974,121.500542,15,1335,15,三重區,1336
三峽區大學路47號(對面人行道),20200418,24.941224,121.376763,15,1331,32,三峽區,1349
三峽區中正路一段/大同路(人行道路橋旁),20200418,24.92679,121.371957,15,1336,18,三峽區,1348
三峽區介壽路一段/大同路口(人行道),20200418,24.930341,121.378835,15,1321,9,三峽區,1347
三峽區弘園街55號(對面人行道),20200418,24.927551,121.366919,15,1334,34,三峽區,1346
三泰路66號(對面人行道),20200418,25.039272,121.431004,15,1236,23,新莊區,1416
三福街83-89號(對面人行道),20200418,25.016405,121.407135,15,1319,21,樹林區,1294
千歲街59號,20200418,24.997856,121.42636,15,1322,20,樹林區,1173
土城區三民路23巷8弄(公園裡面),20200418,24.963289,121.419672,15,1341,20,土城區,1309
土城區中華路二段91~95號(人行道),20200418,24.978108,121.439369,15,1328,26,土城區,1317
土城區明德路一段72號,20200418,24.982756,121.465444,15,1329,39,土城區,1301
土城區海山路(捷運海山站1號出口人行道),20200418,24.984695,121.448504,15,1345,42,土城區,1326
大同北路56號(對面),20200418,25.063608,121.494449,15,1331,23,三重區,1454
大同南路246-1號(對面人行道),20200418,25.05596,121.496874,15,1321,5,三重區,1441
大同街97號對面公園人行道,20200418,25.028631,121.48046,15,1337,46,板橋區,1100
大同路一段237號前空地,20200418,25.0579,121.634899,15,1332,32,汐止區,1063
大同路二段184巷/龍安路202巷(西側)(汐科火車站北站出口前),20200418,25.064106,121.653019,15,1340,32,汐止區,1007
大同路二段451號,20200418,25.067682,121.659763,15,1324,40,汐止區,1061
大安路/中央路三段,20200418,24.965619,121.43261,15,1321,21,土城區,1183
大安路118號(外側),20200418,24.997312,121.421725,15,1339,36,樹林區,1433
大智街127號至大智路137號(對面三張公園),20200418,25.070507,121.490935,15,1323,36,三重區,1071
大義路/學勤路口(西北側),20200418,24.94749,121.376895,15,1343,26,三峽區,1483
大學路151號(資訊中心旁),20200418,24.94317,121.36952,15,1330,42,三峽區,1486
大觀路一段51號(郵局旁邊),20200418,25.007502,121.448,15,1329,42,板橋區,1291
大觀路二段162號(對面橋下機車格),20200418,24.99864,121.44139,15,1328,14,板橋區,1665
大觀路二段19巷115號(旁),20200418,25.00256,121.45079,15,1330,18,板橋區,1515
大觀路二段265巷/合宜一路(東南側),20200418,24.99652,121.44276,15,1332,44,板橋區,1484
大觀路三段133巷3號對面廣場,20200418,24.993901,121.43288,15,1317,34,板橋區,1245
大觀路三段212巷70號對面,20200418,24.993406,121.429636,15,1335,25,板橋區,1189
工建路50 號(對面路側),20200418,25.063062,121.641033,15,1327,32,汐止區,1406
工專路111號,20200418,24.980672,121.507652,15,1318,32,中和區,1185
工專路84號對面人行道,20200418,25.040434,121.422548,15,1333,49,泰山區,1382
中山一路3號(捷運徐匯中學站1號出口旁),20200418,25.080468,121.479852,15,1323,35,蘆洲區,1077
中山北路2段381巷2號,20200418,25.186496,121.443261,15,1343,43,淡水區,1237
中山北路一段/新春街(東南側)(公園籃球場前人行道),20200418,25.180345,121.444742,15,1317,27,淡水區,1222
中山北路二段189巷2號對面人行道(新市國小),20200418,25.185313,121.444332,15,1338,25,淡水區,1219
中山路/富貴路口(富貴路人行道上),20200418,25.083156,121.378464,15,1322,27,林口區,1263
中山路150號(圖書館內停車場),20200418,24.957195,121.349704,15,1338,30,鶯歌區,1220
中山路17號(公所旁徒步區)(鄰近三峽清水祖師廟/三峽歷史文物館/三峽老街),20200418,24.934187,121.369158,15,1323,25,三峽區,1243
中山路1號(前),20200418,24.96045,121.41212,15,1318,36,土城區,1631
中山路250-1號前方機車停車格,20200418,25.079592,121.385587,15,1343,17,林口區,1249
中山路2段291號(前),20200418,25.00221,121.49587,15,1331,29,中和區,1649
中山路2段3弄/保平路口,20200418,25.00452,121.5079,15,1331,25,中和區,1671
中山路3段118-6號(對面),20200418,25.00868,121.47475,15,1329,12,中和區,1653
中山路一段161號(東側出口)(鄰近新北市市民廣場),20200418,25.012614,121.466455,15,1335,29,板橋區,1300
中山路一段268巷2號(對面汽車停車場),20200418,25.159934,121.414074,15,1325,36,八里區,1371
中山路二段312巷33弄27號,20200418,25.004294,121.494692,15,1324,32,中和區,1391
中山路二段3巷2號(對面公園),20200418,25.005731,121.505743,15,1330,22,永和區,1444
中山路二段64巷7弄15-4號(對面),20200306,25.00469,121.50296,83,644,36,中和區,1509
中山路二段東興路口(火車站右側人行道),20200418,24.980236,121.408605,15,1324,12,樹林區,1258
中山路三段/新興街口(西北側人行道),20200418,24.97499,121.40023,15,1322,28,樹林區,1610
中山路三段108號,20200418,24.97222,121.39264,15,1341,23,樹林區,1491
中山路三段130號,20200418,25.006367,121.474223,15,1320,21,中和區,1160
中山路三段與台新街口,20200418,25.005718,121.478997,15,1216,11,中和區,1364
中央四街64號對面,20200418,24.975308,121.527287,15,1341,19,新店區,1052
中央路/福壽街口,20200418,25.058664,121.458109,15,1321,36,新莊區,1457
中央路301號(對面),20200418,25.05894,121.45117,15,1344,1,新莊區,1497
中央路二段66號(對面),20200418,24.97904,121.44254,15,1327,35,土城區,1505
中央路四段205號(頂埔國小校門口)(鄰近土城親子分館),20200418,24.956343,121.414421,15,1328,11,土城區,1272
中央路四段285號,20200418,24.95271,121.411768,15,1345,29,土城區,1270
中平路/榮華路2段,20200418,25.055969,121.444423,15,1319,24,新莊區,1260
中平路133號前(鄰近新莊文化藝術中心),20200418,25.04715,121.444453,15,1316,22,新莊區,1047
中平路385號(旁),20200418,25.05426,121.44407,15,1321,35,新莊區,1632
中正三路235~237號(對面人行道)(鄰近亞洛美精靈國度),20200418,24.939095,121.334639,15,1319,26,鶯歌區,1259
中正北路/三民街175巷,20200418,25.066245,121.484337,15,1324,30,三重區,1020
中正北路/中正北路276巷,20200418,25.068681,121.480705,15,1341,59,三重區,1022
中正北路107號,20200418,25.063396,121.488982,15,1339,18,三重區,1021
中正北路165巷53號(後竹圍街路側停車格),20200418,25.07031,121.47976,15,1343,27,三重區,1696
中正北路193巷45號(賣場停車場),20200418,25.071362,121.475985,15,1345,27,三重區,1380
中正東路一段3巷2號對面路側(亞太飯店旁)(鄰近淡水百齡公園),20200418,25.16509,121.450831,15,1316,43,淡水區,1217
中正南路251號(右側人行道),20200418,25.053638,121.492924,15,1317,34,三重區,1381
中正路/中正路746巷,20200418,25.02276,121.413053,15,1344,31,新莊區,1199
中正路/中華路一段(鄰近新莊廟街),20200418,25.036152,121.452069,15,1334,38,新莊區,1023
中正路/民安路,20200418,25.029032,121.422799,15,1339,24,新莊區,1072
中正路/思源路(東北側)(捷運頭前庄站1號出口旁廣場),20200418,25.039365,121.460856,15,1321,19,新莊區,1282
中正路115號(東側停車場),20200418,25.077153,121.393777,15,1340,24,林口區,1386
中正路161巷26弄5號(對面空地),20200418,24.992938,121.499333,15,1338,34,中和區,1392
中正路185巷68弄9號(對面人行道)(鄰近蘆洲李宅(李友邦將軍紀念館)),20200418,25.084959,121.466551,15,1316,24,蘆洲區,1408
中正路1段/中正路1段6巷口,20200418,25.17594,121.42851,15,1323,19,淡水區,1659
中正路261號(旁)(鄰近淡水紅毛城/淡水英國領事館/淡水海關碼頭),20200418,25.17476,121.43155,15,1334,5,淡水區,1501
中正路284巷2號(對面),20200418,24.9747,121.53842,15,1321,27,新店區,1614
中正路325巷/中正路341巷,20200418,25.019828,121.453852,15,1321,29,板橋區,1171
中正路390號至426號對面,20200418,25.002272,121.517442,15,1328,29,永和區,1040
中正路441號前人行道(鄰近435藝文特區),20200418,25.024903,121.45431,15,1319,47,板橋區,1195
中正路489號(旁),20200418,24.98263,121.5336,15,1338,21,新店區,1624
中正路6號前人行道(鄰近林家花園(林本源園邸)/大觀義學(大觀書社)),20200418,25.012839,121.456308,15,1326,42,板橋區,1110
中正路75巷至中正路95巷間(鄰近馬公友誼公園),20200418,24.970415,121.543384,15,1342,10,新店區,1054
中正路82號(旁),20200418,25.03738,121.45766,15,1338,26,新莊區,1477
中正路879之16號門口(中國信託前的公車站旁),20200418,25.02594,121.417694,15,1324,27,新莊區,1253
中正路二段/中正路二段395巷口,20200418,24.907449,121.364848,15,1344,29,三峽區,1449
中安街/中和路378巷(東南側),20200418,25.001013,121.511588,15,1348,57,中和區,1027
中和區中山路二段2巷27號(對面公園),20200418,25.006927,121.503171,15,1319,22,中和區,1310
中和區民德路188 號(立體停車場前方人行空間),20200418,24.999098,121.468345,15,1321,20,中和區,1256
中和區安樂路101之1號,20200418,24.995273,121.513506,15,1330,22,中和區,1367
中和區員山路266巷39號(對面路側),20200418,25.001834,121.482594,15,1327,21,中和區,1319
中和區圓通路367巷路側(46-52停車格),20200418,24.989236,121.491482,15,1325,25,中和區,1354
中和區廣福路112號(人行道),20200418,25.00111,121.501991,15,1323,31,中和區,1340
中和區德光國光街口(巷子路側),20200418,25.003136,121.468087,15,1341,23,中和區,1329
中和區興南路二段159巷4號(人行道),20200418,24.983471,121.504826,15,1320,42,中和區,1341
中和街70號對面,20200418,25.045673,121.4478,15,1317,48,新莊區,1074
中和路與安和路口,20200418,24.999667,121.506022,15,1331,18,中和區,1363
中信街74號旁,20200418,25.052382,121.448239,15,1316,12,新莊區,1078
中原東街/中原二街(東北側人行道),20200418,25.0129,121.48592,15,1344,35,中和區,1626
中原街90號(對面),20200418,25.00985,121.487799,15,1241,37,中和區,1390
中原路/中華路二段,20200418,25.054232,121.451752,15,1332,33,新莊區,1048
中原路3至9號對面人行道,20200418,25.054464,121.459318,15,1341,39,新莊區,1092
中華路 / 樹中二街口(學校側門對面人行道),20200418,24.983567,121.423601,15,1323,39,樹林區,1215
中華路2段/自治街口人行道(中港大排東側),20200418,25.047855,121.453202,15,1335,36,新莊區,1116
中華路2段31號對面,20200418,25.045951,121.453766,15,1316,25,新莊區,1115
中華路3號(對面)(鄰近馬公友誼公園),20200418,24.967369,121.541011,15,1320,42,新店區,1462
中華路61號(對面路側)(鄰近李梅樹紀念館),20200418,24.930621,121.372344,15,1334,25,三峽區,1362
中華路一段136巷對面,20200418,25.040766,121.452459,15,1331,17,新莊區,1292
中華路一段85號(前),20200418,24.98551,121.44345,15,1341,19,土城區,1430
中興北街42巷17弄8號旁,20200418,25.05006,121.46892,15,1324,24,三重區,1438
中興街1號對面,20200418,25.012176,121.515271,15,1319,25,永和區,1043
中興路/民族六街,20200418,25.0688,121.628908,15,1329,36,汐止區,1012
中興路一段34號前(高架橋下停車場),20200418,24.958605,121.538659,15,1327,41,新店區,1157
中興路二段41號(前),20200418,24.96991,121.54617,15,1343,21,新店區,1507
中興路三段/寶慶街,20200418,24.986942,121.54195,15,1332,25,新店區,1056
中興路三段1號旁,20200418,24.97618,121.54687,15,1323,13,新店區,1037
中興路三段224號(對面),20200418,24.98283,121.54362,15,1330,54,新店區,1006
五工二路/五工三路50巷,20200418,25.065234,121.461115,15,1320,34,新莊區,1191
五工六路35號(對面),20200418,25.064345,121.447585,15,1321,31,五股區,1480
五工六路9號(前廣場),20200418,25.06149,121.45098,15,1342,30,五股區,1492
五谷王北街77號(後方停車場旁人行道)(鄰近三重先嗇宮),20200418,25.05119,121.476007,15,1330,35,三重區,1225
五股區中興路四段19-1號(對面人行道),20200418,25.082494,121.439555,15,1329,19,五股區,1308
五股區四維路116號(人行道),20200418,25.074424,121.467852,15,1318,17,五股區,1332
五峰路63巷/中興路二段100巷口(天橋旁),20200418,24.971355,121.547496,15,1315,9,新店區,1425
五華街64號對面人行道(碧華國中旁),20200418,25.081725,121.493902,15,1343,36,三重區,1113
五福路五福路6巷口(五福橋旁公園),20200418,25.08835,121.4345,15,1319,37,五股區,1435
仁化街/文新路口(西北側人行道),20200418,25.03463,121.47919,15,1328,9,板橋區,1609
仁安街2號(對面),20200418,25.08415,121.48554,15,1329,26,三重區,1513
仁愛二路與民族路口交叉口,20200418,25.076441,121.367223,15,1331,11,林口區,1299
仁愛街/三和路3段11巷,20200418,25.070418,121.497126,15,1322,26,三重區,1123
仁愛街112巷7號(對面),20200418,25.07486,121.49488,15,1326,26,三重區,1654
仁愛街584號旁公園人行道,20200418,25.08119,121.48461,15,1332,18,三重區,1667
仁愛街95號(對面),20200418,25.09398,121.47126,15,1339,32,蘆洲區,1633
仁愛路/保生路(鄰近世界宗教博物館),20200418,25.009838,121.505825,15,1317,31,永和區,1029
仁愛路17巷2號(對面),20200418,24.98039,121.46062,15,1329,28,土城區,1627
仁愛路1段2號(校門前自行車停車區),20200418,25.06804,121.39795,15,1329,16,林口區,1693
仁愛路352巷96號(對面廣場),20200418,25.00785,121.500986,15,1334,30,永和區,1411
仁愛路37-5號(對面),20200418,25.21973,121.63633,15,1327,22,金山區,1684
仁愛路496-3號(前),20200418,25.07583,121.37609,15,1328,25,林口區,1689
仁愛路55號對側人行道(鄰近鶯歌車站/宏德宮(孫臏廟)),20200418,24.955591,121.354376,15,1329,45,鶯歌區,1201
仁愛路一段378號(林口區公所旁機車停車格),20200418,25.076742,121.388181,15,1337,25,林口區,1251
仁愛路二段173號(對面),20200418,25.07384,121.3803,15,1344,29,林口區,1443
仁愛路二段559號前方人行道,20200418,25.077118,121.374258,15,1338,33,林口區,1244
仁義街258號至290號,20200418,25.086031,121.493774,92,923,22,三重區,1121
仁義路15號對面,20200418,25.055188,121.432128,15,1333,34,泰山區,1186
公明街73巷6號前(淡水老街廣場)(鄰近淡水捷運站/淡水龍山寺/捷運淡水線),20200418,25.168826,121.444183,15,1344,73,淡水區,1235
公園街/仁福街 (龍門公園人行道上),20200418,25.074815,121.498484,15,1318,36,三重區,1239
公園路192號(旁),20200418,25.07464,121.3744,15,1332,25,林口區,1494
公園路59號(頂好超市側門),20200418,25.069123,121.367761,15,1325,17,林口區,1257
公園路66號(對面)(鄰近新莊綜合運動場),20200418,25.03961,121.44962,15,1339,20,新莊區,1508
公館街258號(對面),20200418,25.021336,121.459595,15,1322,36,板橋區,1469
文化一路一段/仁愛路二段口(林口社區運動公園文化一路側人行道),20200418,25.07415,121.377001,15,1403,34,林口區,1277
文化一路一段146號(旁公園),20200418,25.07231,121.37752,15,1335,10,林口區,1710
文化二路一段/文化二路一段309巷,20200418,25.072864,121.36948,15,1335,8,林口區,1297
文化二路一段8號(前),20200418,25.06667,121.36453,15,1320,21,林口區,1646
文化二路二段369號(文化二路二段側人行道),20200418,25.08601,121.38093,15,1329,31,林口區,1681
文化三路/八德路口 (1號出口旁),20200418,25.06597,121.361962,15,1326,43,林口區,1266
文化北路101號至119號對面,20200418,25.068551,121.497818,15,1339,47,三重區,1076
文化路133號(西側)(鄰近永和親子圖書閱覽室),20200418,25.015811,121.511261,15,1324,32,永和區,1039
文化路164號(旁)(鄰近三峽清水祖師廟/三峽歷史文物館/三峽老街),20200418,24.93614,121.36941,15,244,30,三峽區,1510
文化路57號(立體停車場地下一樓)(鄰近福佑宮/淡水老街/淡水渡船碼頭/淡水白樓紅樓、偕醫館/登峰魚丸博物館/淡水禮拜堂),20200418,25.172485,121.438806,15,1341,15,淡水區,1283
文化路一段117號對面人行道(鄰近板橋高鐵站),20200418,25.014797,121.462051,15,1319,32,板橋區,1105
文化路一段188巷56號,20200418,25.018559,121.467509,15,1326,29,板橋區,1151
文化路一段309-6號(前),20200418,25.01927,121.4653,15,1315,36,板橋區,1636
文化路一段318號旁廣場,20200418,25.022095,121.467598,15,1318,12,板橋區,1103
文化路二段/雙十路二段(鄰近石雕公園/板橋農村公園),20200418,25.029729,121.472359,15,1327,13,板橋區,1099
文化路二段124巷32號(對面)(鄰近新北市藝文中心),20200418,25.025626,121.471401,15,1326,17,板橋區,1473
文化路二段1號(旁),20200418,25.02402,121.46828,15,1323,42,板橋區,1674
文化路二段413號(校門右側人行道),20200418,25.03248,121.47442,15,1329,31,板橋區,1439
水源街二段104號(對面),20200418,25.17457,121.45236,15,1337,62,淡水區,1635
水源路二段42號訖水源路二段68號,20200418,25.056875,121.655207,15,1334,62,汐止區,1025
北宜路2段149號對面,20200418,24.953101,121.551813,15,1327,34,新店區,1147
北宜路一段118號(對面)(鄰近碧潭風景區),20200418,24.95531,121.53927,15,1321,15,新店區,1485
北宜路二段399號(旁),20200418,24.95446,121.55947,15,1343,19,新店區,1634
北新路116號對面人行道(正德國中),20200418,25.178512,121.447874,15,1344,40,淡水區,1223
北新路二段/北新路二段121巷,20200418,24.974996,121.542767,15,1339,29,新店區,1101
北新路二段/北新路二段97巷,20200418,24.974272,121.542779,15,1320,0,新店區,1018
北新路三段129號(右側人行道),20200418,24.982755,121.541249,15,1329,13,新店區,1412
四川路一段244號(對面),20200418,25.00149,121.45924,15,1335,12,板橋區,1607
四川路二段245巷60號對面,20200418,24.991683,121.45332,15,1334,20,板橋區,1149
四川路二段6號對面(鄰近玉美人孕婦裝觀光工廠),20200418,24.996183,121.456476,15,1340,37,板橋區,1163
四維路177巷3弄6號(旁),20200418,25.025618,121.463967,15,1330,56,板橋區,1474
四維路17號-20號,20200418,25.024125,121.42387,15,1345,33,新莊區,1016
四維路181號對面(四維活動中心出口前),20200418,25.021308,121.422185,15,1345,24,新莊區,1082
正義南路/同安東街(正義南路側公園廣場)(鄰近新北市眷村文化園區（空軍三重一村）),20200418,25.05732,121.499067,15,1316,21,三重區,1114
民生街74號對面人行道,20200418,25.065295,121.49045,15,1343,30,三重區,1231
民生路15號至23號對面,20200418,24.999392,121.522843,15,1343,44,永和區,1041
民生路33號對面人行道,20200418,25.051762,121.431669,15,1338,24,泰山區,1179
民生路一段/民生路一段30巷,20200418,25.013087,121.475894,15,1329,28,板橋區,1106
民生路二段/縣民大道二段口(西南側),20200418,25.018213,121.471011,15,1329,18,板橋區,1472
民生路二段250號前人行道,20200418,25.023491,121.468559,15,1327,18,板橋區,1138
民生路二段8-1號(前),20200418,25.01606,121.47346,15,1331,13,板橋區,1619
民生路三段/長江路一段(64高架橋下方),20200418,25.030904,121.463596,15,1332,97,板橋區,1165
民生路三段11號(前),20200418,25.0235,121.46745,15,1316,19,板橋區,1625
民安西路370號至376號前,20200418,25.010795,121.427836,15,1236,25,新莊區,1142
民安街71號(對面),20200418,24.99977,121.47808,15,1402,18,中和區,1504
民治街120號對面人行道,20200418,25.003435,121.475345,15,1343,17,中和區,1214
民族路/建興街,20200418,24.977227,121.53814,15,1339,51,新店區,1036
民族路408巷/復興路323巷,20200418,25.093949,121.473913,15,1324,37,蘆洲區,1169
民富街99號(對面),20200418,25.075711,121.370261,15,1338,15,林口區,1434
民義路1段/民義路1段183巷口,20200418,25.08881,121.43079,15,1331,15,五股區,1608
民德路296號對面停車格位,20200418,24.995482,121.467525,15,1320,29,中和區,1166
民權街二段90號,20200418,25.047578,121.618888,15,1340,40,汐止區,1013
民權路100號(對面人行道),20200418,25.088024,121.473928,15,1342,29,蘆洲區,1383
民權路101號旁(植栽帶),20200418,25.081673,121.372687,15,1336,20,林口區,1285
民權路105號-115號前人行道,20200418,25.137658,121.460112,15,1339,26,淡水區,1238
民權路139號旁,20200418,25.090565,121.471621,15,1343,40,蘆洲區,1019
民權路60號(活動中心後方廣場),20200418,24.99778,121.51968,15,1317,24,永和區,1673
民權路鐵道巷14號(東側機車停車場),20200418,25.108506,121.80646,15,1343,44,瑞芳區,1316
永平路/永平路203巷口(靠學校圍牆路側)(鄰近樂華夜市/世界宗教博物館),20200418,25.00979,121.509092,15,1340,21,永和區,1053
永安北路2段/永安北路2段35巷,20200418,25.082273,121.482236,15,1333,33,蘆洲區,1295
永安南路二段150號(對側人行道),20200418,25.078599,121.462228,15,1334,20,蘆洲區,1241
永安南路二段334號(對面人行道),20200418,25.082935,121.456728,15,1328,30,蘆洲區,1234
永亨路99號(對向人行道),20200418,25.005011,121.522665,15,1319,44,永和區,1413
永和區 自由街69號(路側),20200418,25.0052,121.513339,15,1343,30,永和區,1366
永和區永利路141號(對面人行道),20200418,25.003555,121.524246,15,1343,31,永和區,1318
永和區保平路214巷12弄12號(對面路側)(鄰近樂華夜市/世界宗教博物館),20200418,25.00701,121.509208,15,1318,16,永和區,1342
永和區國光路9號(前人行道),20200418,25.00839,121.520234,15,1339,26,永和區,1331
永和街120號(校門前),20200418,24.969198,121.334806,15,1340,17,鶯歌區,1450
永貞路/永亨路(東南側),20200418,25.005952,121.52093,15,1321,51,永和區,1028
永寧路18號(對面),20200418,24.962443,121.430347,15,1344,26,土城區,1427
永福街/下竹圍街,20200418,25.077714,121.480315,15,1341,24,三重區,1128
永福街197巷6之1號,20200418,25.074629,121.478162,15,1334,16,三重區,1290
永樂街38巷42弄公園人行道(永平市場南側),20200418,25.089987,121.459424,15,1318,13,蘆洲區,1089
永豐街221號,20200418,25.021127,121.476853,15,1344,25,板橋區,1196
立德路2號(對面),20200418,24.988355,121.460675,15,1317,23,土城區,1404
光明街185號(對面),20200418,24.96316,121.54009,15,1338,16,新店區,1617
光明路67-1號(對面),20191114,25.057335,121.491809,10,40,34,三重區,1424
光明路71號(左側),20200418,24.928438,121.375921,15,1332,14,三峽區,1273
光復街202巷6-1號(前),20200418,25.02046,121.48594,15,1319,13,板橋區,1621
光華路87巷7號(右側),20200418,25.082299,121.468143,15,1332,20,蘆洲區,1442
光榮路120巷8弄21號(對面),20200418,25.08871,121.4646,15,1343,30,蘆洲區,1511
光興街/文化南路口(西南側)(光興街路側)(鄰近新北市眷村文化園區（空軍三重一村）),20200418,25.060339,121.500103,15,1328,31,三重區,1227
全興路214號對面,20200418,25.055865,121.434262,15,1342,11,泰山區,1187
合安一路/大觀路二段153巷,20200418,24.999329,121.446343,15,1330,20,板橋區,1167
合宜路/合安一路(東南側機車停車場),20200418,24.99849,121.44863,15,1322,20,板橋區,1698
吉祥街12巷2號(旁),20200418,25.08033,121.66846,15,1317,16,汐止區,1695
名源街54號(對面),20200418,25.05899,121.48255,15,1336,22,三重區,1612
如意街/集賢路口,20200418,25.08984,121.487987,15,1339,18,三重區,1180
安民街/安民街65巷,20200418,24.966775,121.516479,15,1337,37,新店區,1133
安民街安民街3巷15號(對面公園),20200418,24.964233,121.514462,15,1331,24,新店區,1428
安成街26號至36號對面,20200418,24.961147,121.509988,15,1231,36,新店區,1236
安邦街與連勝街口(交叉路口西北側),20200418,24.996867,121.496647,15,1342,21,中和區,1298
安和路二段163號(東南側空地),20200418,24.97411,121.518853,15,1320,9,新店區,1388
安和路三段113號(對面人行道),20200418,24.984975,121.517682,15,1334,29,新店區,1403
安德街2號(前),20200418,24.96261,121.51267,15,1343,32,新店區,1639
安慶街149巷21號 (對面六張公園人行道),20200418,25.069661,121.494048,15,1323,24,三重區,1248
安樂路/得和路(西南側),20200418,25.000726,121.51435,15,1320,31,中和區,1030
安興路 25 號(前),20200418,24.96886,121.51505,15,1318,31,新店區,1613
安興路107號(社區停車場前人行道),20200418,24.9794,121.51555,15,1344,21,新店區,1677
安興路67號對面空地 (高架橋下),20200418,24.975317,121.515687,15,1340,20,新店區,1228
成功路二段28號至34號,20200418,25.000705,121.526729,15,1320,21,永和區,1088
成泰路4段22巷29號(對面),20200418,25.10826,121.45596,15,1323,32,五股區,1702
成泰路一段194號(對面),20200418,25.07843,121.43565,15,1235,18,五股區,1516
成泰路三段353號(對面公園內),20200305,25.095553,121.448652,14,1617,36,五股區,1280
成泰路三段493號(東側),20200418,25.09923,121.45063,15,1338,18,五股區,1437
成泰路三段成洲八路口東北側成德公園路側,20200418,25.105052,121.452963,15,1325,19,五股區,1284
成都街30號(右側),20200418,25.00481,121.461195,15,1337,35,板橋區,1453
汐止區大同路二段182號(人行道),20200418,25.062884,121.646597,15,1321,47,汐止區,1343
汐止區仁愛路153號門口(路側),20200418,25.064819,121.663885,15,1336,35,汐止區,1307
汐止區明峰街13號(右側路側),20200418,25.071049,121.635015,15,1337,7,汐止區,1395
汐科路/秀峰路,20200418,25.066238,121.659067,15,1332,20,汐止區,1060
汐萬路一段201號前,20200418,25.07207,121.65207,15,1337,19,汐止區,1460
汐萬路二段279號,20200418,25.089027,121.645946,15,1327,13,汐止區,1156
竹林路/竹林路421巷口,20200418,25.08452,121.38983,15,1341,8,林口區,1647
自強三街3號旁人行道,20200418,25.078126,121.397208,15,1337,22,林口區,1264
自強路4段/溪尾街,20200418,25.07822,121.490157,15,1335,30,三重區,1122
自強路一段162號至自強路一段二弄4號(對面停車場),20200418,25.066099,121.495529,15,1319,34,三重區,1070
自強路二段74巷27號對面,20200418,25.069499,121.487588,15,1324,29,三重區,1075
行政街20號旁,20200418,24.96591,121.54323,15,1335,26,新店區,1628
西門街9號(前)(鄰近林家花園(林本源園邸)/大觀義學(大觀書社)/板橋慈惠宮/板橋接雲寺),20200417,25.011172,121.45571,90,26,42,板橋區,1451
西雲路165號圖書館旁空地(鄰近西雲禪寺),20200418,25.094784,121.446741,15,1343,40,五股區,1255
吳鳳路50巷36號(旁)(鄰近石雕公園/板橋農村公園),20200418,25.030261,121.469469,15,1344,27,板橋區,1471
更生街/自立路(西南側),20200418,24.996151,121.521988,15,1322,25,中和區,1026
沙崙路97號對面人行道(大庄一號公園),20200418,25.181957,121.422185,15,1323,26,淡水區,1377
沙崙路一段/濱海路二段(東南側人行道),20200418,25.18995,121.4306,15,1329,27,淡水區,1601
沙崙路二段/新市三路二段口(東北側人行道),20200418,25.19623,121.43286,15,1340,19,淡水區,1602
沙崙路二段/新市六路二段(東南側人行道),20200418,25.20125,121.43502,15,1320,29,淡水區,1603
秀朗路三段 / 成功路二段,20200418,24.995821,121.52655,15,1322,30,中和區,1194
育德街13號對面人行道,20200418,24.970656,121.392602,15,1334,33,樹林區,1212
車路頭街139巷135號(對面人行道),20200418,25.076133,121.484304,15,1320,10,三重區,1246
亞洲路94號(對面人行道)(鄰近大黑松小倆口牛軋糖博物館),20200418,24.972621,121.434796,15,1343,17,土城區,1356
佳園路三段128號(活動中心左側人行道),20200418,24.950576,121.386183,15,1342,34,樹林區,1261
味王街3號(馬路側),20200418,24.974674,121.404424,15,1319,18,樹林區,1359
和城路一段/中正二橋,20200418,24.993477,121.487692,15,1332,25,中和區,1081
和興街75號/復興路一段23號(鄰近新莊綜合運動場),20200418,25.041603,121.446053,15,1316,64,新莊區,1038
府中路31號至53號對面(鄰近板橋慈惠宮/府中商圈(板橋後站商圈)),20200418,25.008999,121.458776,15,1323,8,板橋區,1117
府中路5號(後方人行道)(鄰近板橋慈惠宮/府中商圈(板橋後站商圈)),20200418,25.009537,121.460148,15,1337,8,板橋區,1409
延吉街43號(對面),20191001,24.98769,121.47222,10,638,28,土城區,1514
忠八街2號(前),20200418,25.16064,121.41938,15,1324,24,八里區,1629
忠三街8號(活動中心旁籃球場空間),20200418,25.078202,121.624493,15,1315,29,汐止區,1289
忠孝一路/民族路61巷交叉口,20200418,25.073427,121.36234,15,1336,29,林口區,1268
忠孝二路55號(鄰近MITSUI OUTLET PARK 林口),20200418,25.070158,121.363632,15,1321,25,林口區,1405
忠孝東路484號至488號前,20200418,25.073682,121.666257,15,1320,27,汐止區,1150
忠孝街26巷8號(前)(鄰近楊三郎美術館),20200418,25.01677,121.51528,15,1332,28,永和區,1500
忠孝路一段37號,20200418,25.071988,121.4912,15,1326,23,三重區,1162
忠孝路二段/忠孝路二段32巷,20200418,25.070884,121.485712,15,1321,34,三重區,1084
忠孝路三段75巷1號至忠孝路三段75巷11號(對面人行道),20200418,25.065957,121.480465,15,1330,68,三重區,1068
忠孝路三段93巷6號(對面),20200418,25.06484,121.47942,15,1317,36,三重區,1630
承天路11號對面,20200418,24.965783,121.436227,15,1322,24,土城區,1216
昌平街/昌平街31巷(對面昌隆國小人行道),20200418,25.052129,121.454891,15,1333,24,新莊區,1368
明志路二段177號,20200418,25.050479,121.427667,15,1321,18,泰山區,1197
明志路二段324號對面人行道(鄰近明志書院),20200418,25.045729,121.426269,15,1322,53,泰山區,1129
明志路三段353號旁公園,20200418,25.034961,121.421928,15,1343,29,泰山區,1271
明峰街281號(對面),20200418,25.06809,121.62697,15,1344,30,汐止區,1656
明德路2號(德音國小成泰路路側人行道)(鄰近維格餅家鳳梨酥夢工場),20200418,25.071515,121.43567,15,1322,31,五股區,1221
明德路一段240巷1號(雜貨店前人行道),20200418,24.977837,121.459751,15,1332,19,土城區,1276
東勢街/芳園街,20200418,25.039031,121.624333,15,1337,47,汐止區,1014
東榮街91巷(市場旁人行道),20200418,24.981146,121.416844,15,1340,31,樹林區,1254
松柏街24號(對面),20200418,25.01096,121.63852,15,1322,26,深坑區,1683
板林路/溪北路,20200418,24.990555,121.42635,15,1342,34,板橋區,1181
板南路468號(對面),20200418,25.00559,121.48921,15,1339,9,中和區,1675
板南路496號(對面),20200418,25.007307,121.485051,15,1318,59,中和區,1414
板城路/香社一路口,20200418,25.021153,121.45002,15,1339,23,板橋區,1387
板新路117巷7號(後方廣場),20200418,25.01409,121.47124,15,1318,37,板橋區,1664
板橋區合宜路/樂群路口,20200418,24.9969909,121.4465092,15,1336,39,板橋區,1207
板橋區松江街63號(對面路側)(鄰近石雕公園),20200418,25.027987,121.468512,15,1336,21,板橋區,1372
板橋區海山路23號對面,20200418,25.009061,121.468352,15,1332,35,板橋區,1226
板橋區溪頭街352號前面人行道,20200418,25.033086,121.468403,15,1338,33,板橋區,1311
板橋區僑中二街/大觀路一段38巷(自行車停放區內),20200418,25.004098,121.444447,15,1340,20,板橋區,1325
板橋區僑中二街8巷(對面人行道),20200418,25.01121,121.447237,15,1330,23,板橋區,1333
林口區文化二路一段241巷(三井Outlet北邊出口）(鄰近MITSUI OUTLET PARK 林口),20200418,25.071574,121.366303,15,1344,33,林口區,1378
林口路77號對面林口國小旁人行道,20200418,25.080533,121.389307,15,1336,23,林口區,1274
芳州五路/芳州二路口(東北側),20200418,25.08658,121.44452,15,1333,24,五股區,1431
芳洲八路152號(對面),20200418,25.0888,121.44637,15,1317,27,五股區,1679
金城路1段/和平路,20200418,24.972631,121.443563,15,1320,36,土城區,1152
金城路2段266號,20200418,24.984102,121.458595,15,1326,24,土城區,1224
金城路一段/忠義路,20200418,24.969399,121.440808,15,1329,19,土城區,1148
金城路二段218號(對面),20200418,24.982933,121.456229,15,1339,12,土城區,1481
金城路三段/延和路(土城台電變電站),20200418,24.989155,121.470454,15,1343,24,土城區,1170
金城路三段19-30號(路側人行道),20200418,24.986691,121.465481,15,1325,38,土城區,1286
長安街297號(對面),20200418,25.08492,121.45821,15,1341,24,蘆洲區,1090
長江路101號(對面),20200418,25.072887,121.658646,15,1316,24,汐止區,1402
長江路一段/新海路,20200418,25.02853,121.457367,15,1336,13,板橋區,1137
長壽街/光環路一段(西南側),20200418,25.017443,121.482513,15,1335,36,板橋區,1466
長壽街168號(對面人行道),20200418,25.015064,121.48193,15,1336,35,板橋區,1401
長樂路125號對面公園通道,20200418,25.087989,121.462192,15,1338,38,蘆洲區,1126
長興路22號前通道,20200418,25.083316,121.463894,15,1334,54,蘆洲區,1034
長興路237巷/長興路,20200418,25.091945,121.461613,15,1325,22,蘆洲區,1083
青雲路449號(對面),20200418,24.97512,121.45874,15,1330,19,土城區,1517
俊英街俊保路口(西北側人行道),20200418,25.00915,121.425183,15,1338,13,樹林區,1279
俊興街280號(對面),20200418,25.01704,121.41821,15,1330,26,樹林區,1707
保安街2段259號對面(鄰近樹林興仁花園夜市),20200418,25.005412,121.413157,15,1328,29,樹林區,1176
保安路248號至250號對面,20200418,25.012691,121.506471,15,1334,29,永和區,1044
保長路/保長路45巷,20200418,25.079523,121.674342,15,1327,35,汐止區,1051
保順街139號(對面),20200418,24.99546,121.4291,15,1316,48,樹林區,1670
保順環河西路口,20200418,25.010786,121.503376,15,1318,22,永和區,1062
信義西街18號對面人行道(鄰近三和夜市),20200418,25.064804,121.498749,15,1326,21,三重區,1086
信義路150巷43號(前),20200418,24.9917,121.4575,15,1340,20,板橋區,1611
信義路1號(汐科路側人行道),20200418,25.06795,121.66168,15,1329,45,汐止區,1668
信義路319巷22號(旁邊機車格前),20200418,25.085621,121.477694,15,1338,24,蘆洲區,1247
信義路73巷2號對面公園人行道,20200418,25.079969,121.476205,15,1329,20,蘆洲區,1211
信義路99號(前廣場),20200418,25.079876,121.379259,15,1334,22,林口區,1417
南昌街/新昌路口(西側廣場),20200418,25.068914,121.662748,15,1344,19,汐止區,1002
南陽街185號,20200418,25.058078,121.626018,15,1326,37,汐止區,1066
南雅西路一段152號(對面)(鄰近板橋接雲寺),20200418,25.007585,121.45244,15,1324,35,板橋區,1421
南雅西路二段301巷41弄5-5號(旁),20200418,25.01666,121.45064,15,1336,24,板橋區,1506
南雅南路二段1-1號(旁),20200418,25.00387,121.45516,15,1335,26,板橋區,1623
南雅南路二段122-23號前人行道,20200418,24.99783,121.452315,15,1339,24,板橋區,1118
南雅路491號(對面),20200418,24.953961,121.345824,15,1324,26,鶯歌區,1467
南勢二街154號旁,20200418,25.074035,121.358924,15,1343,9,林口區,1275
南勢二街408號旁,20200418,25.076613,121.359704,15,1319,12,林口區,1436
南興路62號旁(南興公園內),20200418,25.059779,121.652549,15,1320,44,汐止區,1267
建中街116巷/建中街116巷3弄,20200418,25.0372,121.444946,15,1340,22,新莊區,1119
建安街/建安街57巷,20200418,25.025358,121.428348,15,1336,11,新莊區,1015
建成路78號對面停車場,20200418,25.07315,121.662555,15,1338,39,汐止區,1004
建國路259號前人行道,20200418,24.983184,121.537462,15,1345,26,新店區,1093
建國路289號旁空地,20200418,24.985872,121.536887,15,1323,20,新店區,1042
建國路420號對面人行道(鄰近新太源藝術工坊),20200418,24.951734,121.342963,15,1343,8,鶯歌區,1198
建福路/建福路49巷,20200418,25.027694,121.426685,15,1337,25,新莊區,1168
後竹圍街175巷18號(對面),20200418,25.07246,121.48576,15,1330,32,三重區,1680
後站街6巷11號對面,20200418,24.992553,121.424652,15,1333,61,樹林區,1172
思源路131號至137號前人行道,20200418,25.043536,121.459772,15,1337,28,新莊區,1131
思源路166巷4號(前),20200418,25.04786,121.461962,15,1340,22,新莊區,1478
思源路292號(幸福東路側廣場),20200418,25.04958,121.46052,15,1327,53,新莊區,1701
英士路/智樂路,20200418,25.022235,121.458152,15,1327,41,板橋區,1097
茄苳路183號(對面),20200418,25.069378,121.669788,15,1336,36,汐止區,1429
茄苳路84號(崇德橋東里民活動中心前),20200418,25.070512,121.667002,15,1329,12,汐止區,1209
重陽二街22號(對面人行道)(鄰近蘆洲兒童親子分館),20200418,25.085055,121.481887,15,1340,19,蘆洲區,1352
重陽路一段120巷/中華路2巷,20200418,25.060125,121.483101,15,1324,7,三重區,1008
重新路三段/重安街,20200418,25.058443,121.489751,15,1334,29,三重區,1132
重新路三段67號旁,20200418,25.060471,121.492198,15,1330,13,三重區,1079
重新路五段515號,20200418,25.046068,121.470987,15,1339,6,三重區,1200
重慶路276號(對面),20200418,25.00008,121.46316,15,1330,36,板橋區,1493
重慶路355號前廣場,20200418,24.997679,121.464326,15,1319,20,板橋區,1111
凌雲路一段80巷9號(對面人行道),20200418,25.101774,121.451127,15,1317,22,五股區,1418
原興路/中興路150巷,20200418,25.065042,121.633149,15,1335,33,汐止區,1024
員山路591號(巷內),20200418,25.010284,121.478686,15,1340,27,中和區,1365
員林街12巷對面,20200418,24.977883,121.443237,15,1336,27,土城區,1154
柴寮路36號(旁公園路側),20200418,25.08647,121.82719,15,1316,22,瑞芳區,1330
泰山區新北大道6段/貴陽街(貴陽街12號對面捷運站),20200418,25.033192,121.422215,15,1343,10,泰山區,1374
泰林路2段257號旁人行道,20200418,25.062345,121.431475,15,1335,22,泰山區,1140
泰林路二段454號(旁),20200418,25.06414,121.426,15,1316,27,泰山區,1672
海山路46號對面機車格位,20200418,24.986923,121.449335,15,1324,51,土城區,1190
海興路174-1號(旁),20200418,25.239,121.63234,15,1322,16,金山區,1706
國中街175號(前),20200418,24.9395,121.33867,15,1332,13,鶯歌區,1676
國光路123號 ( 耕莘醫院外路側汽機車格位 ),20191105,25.011232,121.517701,93,619,32,永和區,1293
國光路76號旁,20200418,25.017755,121.458308,15,1325,32,板橋區,1164
國泰街111巷1號(對面),20200418,25.006321,121.465773,15,1326,12,板橋區,1420
國凱街130號對面,20200418,24.980335,121.423104,15,1326,40,樹林區,1213
國際一街90號(對面)(鄰近國立台北大學),20200418,24.941359,121.370524,15,1343,30,三峽區,1479
國際二路/國際一路口,20200418,24.976171,121.334938,15,1321,30,鶯歌區,1455
國慶路49巷23號對面,20200418,24.99643,121.459696,15,1326,19,板橋區,1139
御史路1巷5號(旁),20200418,25.09044,121.44192,15,1337,29,五股區,1615
捷運小碧潭站1號出口旁西側人行道(環河路側)(鄰近小碧潭景觀廣場),20200418,24.97152,121.53029,15,1334,41,新店區,1087
捷運路/捷運路37巷,20200418,25.055883,121.484739,15,1344,20,三重區,1010
捷運路3號(對面)(鄰近興南夜市),20200418,24.98942,121.50995,15,1327,54,中和區,1125
淡水區中正東路2段68號(南向廣場),20200418,25.153578,121.459124,15,1344,23,淡水區,1376
淡水區民生路108號旁公園通道(竹圍公園),20200418,25.138234,121.463395,15,1325,28,淡水區,1205
淡金路一段547號(前),20200418,25.18018,121.45333,15,1322,31,淡水區,1499
淡金路二段399號(前人行道),20200418,25.17653,121.45613,15,1334,29,淡水區,1604
深坑區北深路三段170號(對面機車格),20200418,25.0033,121.602501,15,1321,26,深坑區,1328
疏洪東路三段/中正北路560巷口(鄰近二重環狀自行車道),20200418,25.068097,121.471028,15,1315,34,三重區,1468
莊敬街33號,20200418,25.061034,121.655586,15,1340,29,汐止區,1059
莊敬路/文化路2段182巷(鄰近新北市藝文中心),20200418,25.026542,121.472279,15,1324,22,板橋區,1182
莊敬路134號(對面),20200418,25.02336,121.47109,15,1321,22,板橋區,1652
莊敬路33巷36弄2號(對面),20200418,25.00653,121.50014,15,1342,19,中和區,1495
莒光路181號對側公園人行道旁,20200418,24.999132,121.472513,15,1342,14,中和區,1262
連城路/連城路261巷口,20200418,24.996726,121.493134,15,1318,22,中和區,1447
連城路460號(大門旁右側人行空間),20200418,24.9937,121.47823,15,1332,27,中和區,1296
連興路/龍安路28巷,20200418,25.062989,121.65443,15,1340,46,汐止區,1058
頂崁街164號至188號(對面二重國小),20200418,25.065976,121.477656,15,1319,27,三重區,1067
備前街/復興路372巷口,20200418,24.986391,121.41477,15,1325,29,樹林區,1177
博物館路183號(對面),20200418,25.15697,121.40588,15,1326,46,八里區,1644
復興路280號,20200418,24.990393,121.502397,15,1329,23,中和區,1184
復興路372號(對面公車亭後方人行道),20200418,24.938912,121.363553,15,1345,21,三峽區,1287
復興路45號(前),20200418,24.93701,121.37324,15,1330,26,三峽區,1642
復興路一段209號 (對面),20200418,25.04357,121.45244,15,1329,9,新莊區,1488
景平路127號(旁),20200418,24.99202,121.51563,15,1341,37,中和區,1496
景平路2號(前),20200418,24.99039,121.52549,15,1344,27,中和區,1651
景平路486號(對面),20200418,24.99352,121.50472,15,1317,37,中和區,1709
景平路634-2號 ( 中和區公所正門機車格位 ),20200418,24.998558,121.500533,15,1345,29,中和區,1288
景安路與板南路口(西南側三角公園),20200418,24.992249,121.504443,15,1323,14,中和區,1229
景德街7號,20200418,24.991135,121.519329,15,1318,24,中和區,1407
湖前街31巷2弄/湖前街31巷,20200418,25.069473,121.631525,15,1340,31,汐止區,1031
登林路76-3號(前人行道),20200418,25.069463,121.43031,15,1327,19,五股區,1379
華江一路/華江九路口(東南側人行道),20200418,25.032884,121.466442,15,1327,33,板橋區,1440
華江陸橋旁/文化路二段北側公園口,20200418,25.03615,121.47973,15,1332,24,板橋區,1503
華新街109巷11弄(機車格),20200418,24.97996,121.50873,15,1331,42,中和區,1655
貴興路119巷(鄰近新北市立圖書館總館),20200418,25.001583,121.455524,15,1338,29,板橋區,1127
鄉長路一段人行道側,20200418,25.077493,121.666869,15,1343,44,汐止區,1124
開元街58號/長元街65巷16弄對面,20200418,25.066074,121.503557,15,1326,23,三重區,1065
陽明街251號至259號對面人行道,20200418,25.025464,121.462633,15,1340,53,板橋區,1144
隆恩街239號(右側),20200418,24.941729,121.359538,15,1328,16,三峽區,1458
集成路2號至8號前人行道,20200418,25.051542,121.488208,15,1316,32,三重區,1096
集美街/重新路四段184巷,20200418,25.054391,121.488489,15,1340,44,三重區,1009
集美街217號(對面),20200418,25.054777,121.49171,15,1343,26,三重區,1456
集賢路221巷重陽活動中心(鄰近蘆洲兒童親子分館),20200418,25.085688,121.483618,15,1340,15,蘆洲區,1032
圓通路335巷33弄15號(西側),20200418,24.988992,121.493033,15,1320,20,中和區,1482
新北大道一段15巷至新北大道一段5巷2弄(區公所人行道),20200418,25.060566,121.488229,15,1323,34,三重區,1069
新北大道一段1號前人行道,20200418,25.061446,121.491926,15,1322,29,三重區,1085
新北大道四段389號(捷運泰山站內廣場),20200418,25.053127,121.439683,15,1317,23,泰山區,1370
新北市三峽區國光街85號,20200418,24.938911,121.373676,15,1337,23,三峽區,1322
新北市土城區中央路四段53號(前),20200418,24.959276,121.419008,15,1323,36,土城區,1145
新北市土城區學府路一段241號,20200418,24.98277,121.4499,15,1336,23,土城區,1315
新北市板橋區永豐街44號,20200418,25.019078,121.473724,15,1329,31,板橋區,1353
新北市深坑區文化街45號(兒童公園旁)(鄰近深坑集順廟/深坑老街),20200418,25.0015,121.616311,15,1331,34,深坑區,1327
新北市新店區中正路700巷3號,20200418,24.99116,121.53398,15,1327,25,新店區,1001
新北市樹林區中山路二段80-1號對面機車停車格,20200418,24.983768,121.415032,15,1345,33,樹林區,1210
新北市樹林區保安街一段/保安街一段14巷,20200418,24.992983,121.428196,15,1338,14,樹林區,1320
新台五路一段/仁愛路口(新台五路側汐止地政事務所前機車停車場),20200418,25.064162,121.658301,15,1315,30,汐止區,1003
新台五路一段90-116號,20200418,25.061262,121.649512,15,1321,29,汐止區,1057
新市一路一段371號(義山路側),20200418,25.18623,121.43736,15,1337,10,淡水區,1662
新市一路一段99巷21號,20200418,25.187429,121.431016,15,1339,36,淡水區,1419
新市一路三段151號(旁人行道),20200418,25.18345,121.44837,15,1319,34,淡水區,1605
新市二路二段98號(前),20200418,25.19524,121.42793,15,1344,23,淡水區,1616
新市二路四段58號(前),20200418,25.19254,121.44185,15,1331,16,淡水區,1661
新市五路三段/義山路二段(西北側人行道),20200418,25.19783,121.43878,15,1322,12,淡水區,1637
新和街116巷5弄(街尾),20200418,24.986771,121.521829,15,1343,20,新店區,1476
新店區北新路三段105巷2號(路側),20200418,24.982138,121.540903,15,1244,11,新店區,1324
新店路36號(對面),20200418,24.9531,121.53746,15,1333,20,新店區,1490
新府路1號對面人行道(鄰近板橋高鐵站/新北市市民廣場),20200418,25.012374,121.464224,15,1338,15,板橋區,1107
新泰路359號(旁),20200418,25.04288,121.44426,15,1332,6,新莊區,1489
新泰路478號(對面)(鄰近新莊文化藝術中心),20200418,25.045414,121.442734,15,1330,7,新莊區,1463
新烏路一段11弄11號(對面),20200418,24.95091,121.5474,15,1334,25,新店區,1648
新站路/站前路口(十字路口西側)(鄰近板橋高鐵站),20200418,25.015519,121.463735,15,1324,26,板橋區,1302
新站路1號對面(鄰近新北市市民廣場),20200418,25.011498,121.467415,15,1341,17,板橋區,1175
新莊區 中正路510之1號(鄰近輔仁大學),20200418,25.033025,121.436484,15,1334,9,新莊區,1304
新莊區中環路二段423號(對面橋下)(鄰近新莊文化藝術中心),20200418,25.045676,121.442133,15,1321,17,新莊區,1204
新莊區五工路55號,20200418,25.062029,121.459184,15,1323,42,新莊區,1373
新莊區民安東路48號前人行道,20200418,25.020774,121.429556,15,1319,19,新莊區,1305
新莊區西盛街/西盛街201巷,20200418,25.017113,121.428048,15,1320,16,新莊區,1017
新莊區新北大道7段312號(人行道),20200418,25.030186,121.413402,15,1235,42,新莊區,1313
新莊區新北大道四段/中信街口(捷運副都心站2號出口),20200418,25.059145,121.446614,15,1334,27,新莊區,1369
新莊區龍安路72號對面(公園人行道),20200418,25.021447,121.416497,15,1333,32,新莊區,1312
新莊路214巷(捷運新莊站2號出口旁邊),20200418,25.036075,121.452792,15,1345,18,新莊區,1278
新樹路222號,20200418,25.020332,121.433736,15,1344,16,新莊區,1410
新樹路499號前人行道(西盛館),20200418,25.011905,121.432713,15,1344,16,新莊區,1193
新樹路627號對面,20200418,25.003383,121.433154,15,1326,22,新莊區,1159
楓江路26巷26號前人行道(鄰近泰山親子圖書閱覽室),20200418,25.061938,121.434939,15,1318,35,泰山區,1161
溪尾街303號(對面公園),20200418,25.083741,121.487491,15,1327,11,三重區,1112
溪崑二街145號,20200418,24.986723,121.42682,15,1341,34,板橋區,1188
溪園路/中山路,20200418,24.978494,121.524176,15,1318,16,新店區,1055
溪園路205號(旁捷運機廠前人行道),20200418,24.9845,121.52793,15,1341,13,新店區,1678
萬安街55號(對面機車停車格),20200418,25.023888,121.483965,15,1331,20,板橋區,1361
萬板文聖街口,20200418,25.026295,121.479675,15,1319,32,板橋區,1448
萬板路/民生路二段(鄰近板橋萬板親子圖書閱覽室),20200418,25.020983,121.470821,15,1333,27,板橋區,1135
萬板路108號(前公園路側),20200418,25.02332,121.47422,15,1318,15,板橋區,1713
裕民路195巷旁,20200418,24.983671,121.454211,15,1340,41,土城區,1174
僑中二街118號前,20200418,25.006117,121.445449,15,1336,21,板橋區,1465
實踐路5號對面,20200418,25.007983,121.463387,15,1318,18,板橋區,1109
榮華路二段/中富街口(西北側人行道),20200418,25.05572,121.44957,15,1323,23,新莊區,1663
漢生東路215號(右側人行道),20200418,25.009108,121.471493,15,1331,50,板橋區,1445
碧潭路2號(旁)(鄰近碧潭風景區),20200418,24.956562,121.534795,15,1324,25,新店區,1432
福和路/福和路7巷口,20200418,25.00854,121.524732,15,1321,12,永和區,1461
福美街/福美街62巷口(西北側人行道),20200418,25.055033,121.461081,15,1338,31,新莊區,1415
福美街128巷12號,20200418,25.0581,121.460892,15,1317,16,新莊區,1360
福祥路90巷7弄1號對側空間,20200418,25.005933,121.499565,15,1318,14,中和區,1232
福壽街130號至140號(對面福壽公園),20200418,25.051829,121.457746,15,1319,33,新莊區,1050
福德一路86巷23號(旁),20200418,25.06894,121.63748,15,1334,14,汐止區,1660
福德南路71號(對面人行道),20200418,25.060285,121.502173,15,1322,24,三重區,1384
福樂街66號對面,20200418,25.046446,121.457716,15,1329,40,新莊區,1134
遠東路5號前人行道(四川路側),20200418,24.998003,121.457355,15,1234,35,板橋區,1153
鳳吉一街186號(對面),20200418,24.97572,121.32938,15,1324,16,鶯歌區,1688
廣和街35號(對面),20200418,24.99373,121.46253,15,1331,23,板橋區,1620
廣福路30號(對面),20200418,25.00241,121.505,15,1344,37,中和區,1690
廣權路/廣和街,20200418,24.991643,121.462872,15,1342,22,板橋區,1143
德光路12號(前),20200418,25.00459,121.47134,15,1316,20,中和區,1700
樟樹二路/樟樹一路141巷,20200418,25.066688,121.640367,15,1327,28,汐止區,1011
潭興街65號(對面汽車停車格),20200418,24.998601,121.424892,15,1335,31,樹林區,1385
學成路/學成路76巷口,20200418,24.988246,121.451187,15,1343,32,土城區,1422
學成路712號(旁),20200418,24.946248,121.382719,15,1328,13,樹林區,1470
學成路大義路口(西北側人行道),20200418,24.945099,121.378671,15,1333,20,樹林區,1281
學府路一段86號前,20200418,24.988019,121.456247,15,1328,19,土城區,1475
學勤路382號(對面),20200418,24.948177,121.37976,15,1330,12,樹林區,1464
學勤路大學路口(面校門右側人行道)(鄰近國立台北大學),20200418,24.945553,121.37326,15,1332,37,三峽區,1250
樹林區大安路307巷口,20200418,24.992158,121.417726,15,1341,26,樹林區,1357
樹林區大安路622號(前人行道),20200418,24.983043,121.411318,15,1341,25,樹林區,1350
樹林區中正路188-6號,20200418,25.004186,121.422847,15,1318,26,樹林區,1303
樹林區保安街二段6號(前面廣場)(鄰近樹林興仁花園夜市),20200418,25.000868,121.416091,15,1337,33,樹林區,1321
樹林區啟智街/文化街口(啟智街129號),20200418,24.989103,121.418296,15,1344,32,樹林區,1344
樹林區博愛街198-1~198-5號(對面人行道),20200418,24.98976,121.42478,15,1338,31,樹林區,1351
樹林區福興街17號(活動中心前機車格),20200418,25.016361,121.404257,15,1327,34,樹林區,1314
樹新路251號對面(西盛廣場人行道),20200418,25.000894,121.431485,15,1327,31,新莊區,1242
樹德街35號對面(公園內縮空間),20200418,24.991853,121.421371,15,1339,35,樹林區,1218
篤行路二段131巷35號(對面人行道),20200418,24.99006,121.432281,15,1329,23,板橋區,1269
縣民大道一段/民族路(鄰近府中商圈(板橋後站商圈)),20200418,25.010012,121.461097,15,1317,12,板橋區,1141
縣民大道一段/府中路口(西南側)(鄰近板橋慈惠宮/府中商圈(板橋後站商圈)),20200418,25.00818,121.45901,15,1342,22,板橋區,1487
縣民大道二段112號(前),20200418,25.0156,121.46709,15,1320,40,板橋區,1502
縣民大道二段3號(秀泰影城門口)(鄰近板橋高鐵站),20200418,25.013174,121.4619,15,1319,81,板橋區,1108
興南路二段34巷1號(對面),20200418,24.98539,121.50701,15,1318,29,中和區,1641
興德路129號(旁),20200418,25.053098,121.470165,15,1332,27,三重區,1452
豫溪街217巷27號對面人行道,20200418,25.010032,121.524184,15,1327,39,永和區,1073
錦和路163號,20200418,24.992086,121.490671,15,1317,15,中和區,1158
頭成街165號對面人行道,20200418,25.05218,121.462124,15,1317,26,新莊區,1091
頭前路93號(對面),20200418,25.05248,121.46527,15,1319,22,新莊區,1498
館前路250號(前),20200418,24.95134,121.35775,15,1327,32,鶯歌區,1622
龍山一街/金城路二段(北側公園),20200418,24.97657,121.44775,15,1324,24,土城區,1694
龍米路一段318號(對面停車場),20200418,25.13041,121.451302,15,1326,35,八里區,1375
龍泉街131號旁人行道(立體停車場前),20200418,25.023832,121.457773,15,1343,32,板橋區,1104
龍濱路192號對面,20200418,25.073475,121.500977,15,1344,31,三重區,1146
濱海中山北路口西南側人行道(家樂福廣場前人行道),20200418,25.188887,121.443505,15,1327,20,淡水區,1240
濱海路一段125~219號前人行道,20200418,25.189448,121.438708,15,1334,39,淡水區,1233
濱海路三段150號(校門左側),20200418,25.191229,121.427011,15,1343,23,淡水區,1459
環河西路一段/環河西路一段95巷(人行道),20200418,25.01783,121.511957,15,1317,25,永和區,1446
環河西路三段66號(旁),20200418,25.00774,121.49321,15,1327,13,中和區,1618
環河西路四段/大漢街(西南側),20200418,25.03183,121.4612,15,1329,39,板橋區,1643
環河東路一段/光復街(鄰近楊三郎美術館),20200418,25.017757,121.516809,15,1329,26,永和區,1155
環河東路一段/竹林路75巷25弄,20200418,25.014999,121.520951,15,1334,20,永和區,1120
環河東路三段90號前,20200418,25.004536,121.52785,15,1315,36,永和區,1426
環河南路253號(對面中興橋下),20200418,25.05052,121.49138,15,1317,39,三重區,1657
舊城路19號前,20200418,25.146498,121.399748,15,1318,29,八里區,1355
鎮前街467號(活動中心路側),20200418,24.982192,121.412517,15,1338,30,樹林區,1389
雙十路2段47巷8弄6號(對面),20200418,25.02565,121.47465,15,1323,26,板橋區,1645
雙十路一段25號前人行道,20200418,25.024478,121.477572,15,1318,38,板橋區,1098
雙鳳路77巷丹鳳派出所前,20200418,25.027694,121.414662,15,1322,20,新莊區,1035
瓊林路1號旁(碧江公園旁)(鄰近新月橋/新莊廟街),20200418,25.0323,121.450011,15,1333,49,新莊區,1230
瓊泰路161號對面人行道,20200418,25.031278,121.44323,15,1328,14,新莊區,1136
麗園一街/麗園一街11巷(對面人行道),20200418,25.070428,121.376882,15,1328,22,林口區,1252
麗園路121號(對面),20200418,25.06754,121.37134,15,1336,13,林口區,1512
寶中路/品牌路口(東南側),20200418,24.979649,121.546319,15,1329,25,新店區,1005
寶橋路235巷2號(旁),20200418,24.97955,121.55234,15,1342,10,新店區,1638
寶橋路78巷10號(旁高速公路橋下空間),20200418,24.97368,121.5476,15,1343,18,新店區,1687
寶橋路8號前人行道,20200418,24.974233,121.544428,15,1330,15,新店區,1102
蘆洲區永安南路/九芎街71巷口(對面人行道),20200418,25.077564,121.466071,15,1324,18,蘆洲區,1339
蘆洲區長安街102巷5弄12號(對面),20200418,25.08162,121.46162,15,1330,23,蘆洲區,1338
鶯桃路182巷96弄36-38號對側,20200418,24.956661,121.339645,15,1331,16,鶯歌區,1265
鶯桃路413巷65弄4號(對面),20200418,24.962819,121.330254,15,1337,24,鶯歌區,1423
鶯歌區文化路407號(鄰近鶯歌陶瓷博物館),20200418,24.949549,121.352832,15,1326,21,鶯歌區,1206
鶯歌區尖山埔路/國慶街(停車場內)(鄰近鶯歌陶瓷老街(鶯歌老街)/鶯歌光點美學館),20200418,24.952226,121.351035,15,1341,20,鶯歌區,1203
鶯歌區尖山路161號對面,20200418,24.94822,121.345767,15,1339,28,鶯歌區,1208
鶯歌區建國路/育英街口機車停車場內(鄰近許新旺陶瓷紀念博物館/鶯歌光點美學館),20191001,24.952761,121.347193,10,555,50,鶯歌區,1202
鶯歌區國中街1號(人行道),20200418,24.9443,121.342089,15,1336,17,鶯歌區,1323
鶯歌區德昌二街39號(對面人行道),20200418,24.958747,121.333095,15,1336,20,鶯歌區,1345
觀海路199號(右側人行廣場)(鄰近淡水漁人碼頭),20200418,25.183869,121.411178,15,1336,30,淡水區,1358
